<config>
	<module name='advapi32'>
		<function name='AdjustTokenPrivileges'/>
		<function name='AllocateAndInitializeSid'/>
		<function name='BuildExplicitAccessWithName'/>
		<function name='CheckTokenMembership'/>
		<function name='CloseServiceHandle'/>
		<function name='ControlService'/>
		<function name='ConvertSidToStringSid'/>
		<function name='ConvertStringSidToSid'/>
		<function name='CopySid'/>
		<function name='CreateProcessAsUser'/>
		<function name='CreateProcessWithLogonW'/>
		<function name='CreateService'/>
		<function name='CreateWellKnownSid'/>
		<function name='CredDelete'/>
		<function name='CryptAcquireContext'/>
		<function name='CryptExportKey'/>
		<function name='CryptGetProvParam'/>
		<function name='CryptReleaseContext'/>
		<function name='DeleteAce'/>
		<function name='DeleteService'/>
		<function name='DuplicateToken'/>
		<function name='EntryPoint'/>
		<function name='EnumDependentServices'/>
		<function name='EnumServicesStatus'/>
		<function name='EqualSid'/>
		<function name='FreeSid'/>
		<function name='GetLengthSid'/>
		<function name='GetNamedSecurityInfo'/>
		<function name='GetSidIdentifierAuthority'/>
		<function name='GetSidLengthRequired'/>
		<function name='GetSidSubAuthority'/>
		<function name='GetSidSubAuthorityCount'/>
		<function name='GetTokenInformation'/>
		<function name='InitializeSecurityDescriptor'/>
		<function name='InitializeSid'/>
		<function name='InitiateSystemShutdown'/>
		<function name='InitiateSystemShutdownEx'/>
		<function name='LogonUser'/>
		<function name='LOGON_PROVIDER'/>
		<function name='LOGON_TYPE'/>
		<function name='LookupAccountName'/>
		<function name='LookupAccountSid'/>
		<function name='LookupPrivilegeDisplayName'/>
		<function name='LookupPrivilegeValue'/>
		<function name='LsaAddAccountRights'/>
		<function name='LsaClose'/>
		<function name='LsaEnumerateAccountRights'/>
		<function name='LsaNtStatusToWinError'/>
		<function name='LsaOpenPolicy'/>
		<function name='main'/>
		<function name='OpenBackupEventLog'/>
		<function name='OpenProcessToken'/>
		<function name='OpenSCManager'/>
		<function name='OpenService'/>
		<function name='OpenThreadToken'/>
		<function name='RegCloseKey'/>
		<function name='RegGetValue'/>
		<function name='RegOpenKeyEx'/>
		<function name='RegQueryValueEx'/>
		<function name='SECURITY_IMPERSONATION_LEVEL'/>
		<function name='SetEntriesInAcl'/>
		<function name='SetNamedSecurityInfo'/>
		<function name='StartService'/>
		<function name='WNetGetUniversalName'/>
	</module>
	<module name='avifil32'>
		<function name='AVIFileExit'/>
		<function name='AVIFileOpenW'/>
	</module>
	<module name='aygshell'>
		<function name='SHRecognizeGesture'/>
	</module>
	<module name='cards'>
		<function name='cdtAnimate'/>
		<function name='cdtDraw'/>
		<function name='cdtDrawExt'/>
		<function name='cdtInit'/>
		<function name='cdtTerm'/>
		<function name='IntPtr'/>
	</module>
	<module name='comdlg32'>
		<function name='CommDlgExtendedError'/>
		<function name='FtpCommand'/>
		<function name='NetShareAdd'/>
		<function name='PageSetupDlg'/>
		<function name='QueryPathOfRegTypeLib'/>
	</module>
	<module name='constants'>
		<function name='CRED_TYPE'/>
		<function name='Crypt32'/>
		<function name='DACL_SECURITY_INFORMATION'/>
		<function name='EWX'/>
		<function name='GUIDs'/>
		<function name='GW - GetWindow() Constants'/>
		<function name='HWND'/>
		<function name='MAPI'/>
		<function name='MAX_PATH'/>
		<function name='MIXER'/>
		<function name='MouseHook'/>
		<function name='REASON'/>
		<function name='RESOURCE'/>
		<function name='SCM'/>
		<function name='SECURITY_MAX_SID_SIZE'/>
		<function name='Service'/>
		<function name='SET_ACCESS'/>
		<function name='SE_FILE_OBJECT'/>
		<function name='SND'/>
		<function name='SW'/>
		<function name='TCM_'/>
		<function name='WINBASE'/>
		<function name='WINERROR'/>
		<function name='WINNT'/>
		<function name='WM'/>
	</module>
	<module name='coredll'>
		<function name='CloseHandle'/>
		<function name='CreateFile'/>
		<function name='GetCapture'/>
		<function name='GetFileVersionInfo'/>
		<function name='GetSystemPowerStatusEx'/>
		<function name='PlaySound'/>
		<function name='PlaySound'/>
		<function name='QueryPerformanceFrequency'/>
		<function name='SendMessage'/>
		<function name='SetCapture'/>
		<function name='SetSystemTime'/>
		<function name='SetSystemTime'/>
		<function name='SYSTEM_POWER_STATUS_EX'/>
		<function name='WriteFile'/>
	</module>
	<module name='credui'>
		<function name='CredUIConfirmCredentials'/>
		<function name='CredUIParseUserName'/>
		<function name='CredUIPromptForCredentialsW'/>
	</module>
	<module name='crypt32'>
		<function name='CertCloseStore'/>
		<function name='CertEnumCertificatesInStore'/>
		<function name='CertFindCertificateInStore'/>
		<function name='CertFreeCertificateContext'/>
		<function name='CertNameToStr'/>
		<function name='CertOpenStore'/>
		<function name='CertOpenSystemStore'/>
		<function name='CryptDecryptMessage'/>
		<function name='CryptEncryptMessage'/>
		<function name='CryptProtectData'/>
		<function name='CryptUnprotectData'/>
		<function name='CryptVerifyMessageSignature'/>
	</module>
	<module name='delegates'>
		<function name='BrowseCallbackProc'/>
		<function name='CopyProgressRoutine'/>
		<function name='EnumWindowsProc'/>
		<function name='HookProc'/>
		<function name='WndProc'/>
		<function name='WndProc'/>
	</module>
	<module name='dmcl40'>
		<function name='dmAPIDeInit'/>
		<function name='dmAPIExec'/>
		<function name='dmAPIGet'/>
		<function name='dmAPIInit'/>
	</module>
	<module name='enums'>
		<function name='AddURL'/>
		<function name='AD_Apply'/>
		<function name='AnimateWindowFlags'/>
		<function name='AutoCompleteFlags'/>
		<function name='AUTOCOMPLETEOPTIONS'/>
		<function name='CHUNKSTATE'/>
		<function name='CHUNK_BREAKTYPE'/>
		<function name='CLSCTX'/>
		<function name='ComboBoxButtonState'/>
		<function name='CompItemState'/>
		<function name='ComponentModify'/>
		<function name='CompType'/>
		<function name='COMPUTER_NAME_FORMAT'/>
		<function name='COMPUTER_NAME_TYPE'/>
		<function name='CopyFileFlags'/>
		<function name='CopyProgressCallbackReason'/>
		<function name='CopyProgressResult'/>
		<function name='CredUIReturnCodes'/>
		<function name='CREDUI_FLAGS'/>
		<function name='CryptProtectFlags'/>
		<function name='CryptProtectPromptFlags'/>
		<function name='CSIDL'/>
		<function name='DeskBandCommands'/>
		<function name='DeskBandInfoMasks'/>
		<function name='DeskBandInfoModes'/>
		<function name='DeskBandInfoViewMode'/>
		<function name='DeviceCapabilities'/>
		<function name='DrawThemeBackgroundFlags'/>
		<function name='DriveTypes'/>
		<function name='DS_NAME_ERROR'/>
		<function name='DS_NAME_FLAGS'/>
		<function name='DS_NAME_FLAGS'/>
		<function name='DS_NAME_FORMAT'/>
		<function name='DtiAddUI'/>
		<function name='DtrControl'/>
		<function name='EnableThemeDialogTextureFlags'/>
		<function name='FileMapAccessType'/>
		<function name='FO_Func'/>
		<function name='HitTestThemeBackgroundCode'/>
		<function name='HookType'/>
		<function name='IFilterReturnCodes'/>
		<function name='IFILTER_FLAGS'/>
		<function name='IFILTER_INIT'/>
		<function name='InSendMessageExFlags'/>
		<function name='InternetAutoDialFlags'/>
		<function name='InternetDialFlags'/>
		<function name='InternetGetConnectedStateFlags'/>
		<function name='IsoFlag'/>
		<function name='IsolationLevel'/>
		<function name='Job_Control'/>
		<function name='MoveFileFlags'/>
		<function name='PageProtection'/>
		<function name='PAGESETUP_FLAGS'/>
		<function name='Parity'/>
		<function name='PrinterEnumFlags'/>
		<function name='PropertyOrigin'/>
		<function name='PROPID'/>
		<function name='PROPSPECKIND'/>
		<function name='RASCONNSTATE'/>
		<function name='RASPROJECTION'/>
		<function name='ReplaceFileFlags'/>
		<function name='RtsControl'/>
		<function name='SCM_ACCESS'/>
		<function name='ScrollBarConstants'/>
		<function name='SECURITY_INFORMATION'/>
		<function name='SendMessageTimeoutFlags'/>
		<function name='ServiceControlAccessRights'/>
		<function name='ServiceControlType'/>
		<function name='SERVICE_ACCESS'/>
		<function name='SERVICE_STATE'/>
		<function name='SERVICE_STATES'/>
		<function name='SERVICE_TYPES'/>
		<function name='SE_OBJECT_TYPE'/>
		<function name='SFGAOF'/>
		<function name='SHChangeNotifyEventID'/>
		<function name='SHChangeNotifyFlags'/>
		<function name='SHCNE'/>
		<function name='SHCNF'/>
		<function name='SHCONTF'/>
		<function name='SHGFI'/>
		<function name='SHGNO'/>
		<function name='SHOWWINDOW_FLAGS'/>
		<function name='SID_NAME_USE'/>
		<function name='SID_NAME_USE'/>
		<function name='SPI'/>
		<function name='StopBits'/>
		<function name='StrongNameInFlags'/>
		<function name='StrongNameKeyGenFlags'/>
		<function name='StrongNameOutFlags'/>
		<function name='STRRET_TYPE'/>
		<function name='SystemMetric'/>
		<function name='TernaryRasterOperations'/>
		<function name='ThemeAppProperties'/>
		<function name='ThemeSize'/>
		<function name='TOKEN_INFORMATION_CLASS'/>
		<function name='VARENUM'/>
		<function name='VK'/>
		<function name='WallPaperStyle'/>
		<function name='WELL_KNOWN_SID_TYPE'/>
		<function name='WindowsMessages'/>
		<function name='WTSInfoClass'/>
	</module>
	<module name='gdi32'>
		<function name='AbortDoc'/>
		<function name='AbortPath'/>
		<function name='AddFontMemResourceEx'/>
		<function name='AddFontResource'/>
		<function name='AddFontResourceEx'/>
		<function name='AngleArc'/>
		<function name='AnimatePalette'/>
		<function name='Arc'/>
		<function name='ArcTo'/>
		<function name='BeginPath'/>
		<function name='BitBlt'/>
		<function name='CancelDC'/>
		<function name='CheckColorsInGamut'/>
		<function name='ChoosePixelFormat'/>
		<function name='Chord'/>
		<function name='CloseEnhMetaFile'/>
		<function name='CloseFigure'/>
		<function name='CloseMetaFile'/>
		<function name='ColorCorrectPalette'/>
		<function name='ColorMatchToTarget'/>
		<function name='CombineRgn'/>
		<function name='CombineTransform'/>
		<function name='CopyEnhMetaFile'/>
		<function name='CopyMetaFile'/>
		<function name='CreateBitmap'/>
		<function name='CreateBitmapIndirect'/>
		<function name='CreateBrushIndirect'/>
		<function name='CreateColorSpace'/>
		<function name='CreateCompatibleBitmap'/>
		<function name='CreateCompatibleDC'/>
		<function name='CreateDC'/>
		<function name='CreateDIBitmap'/>
		<function name='CreateDIBPatternBrush'/>
		<function name='CreateDIBPatternBrushPt'/>
		<function name='CreateDIBSection'/>
		<function name='CreateDiscardableBitmap'/>
		<function name='CreateEllipticRgn'/>
		<function name='CreateEllipticRgnIndirect'/>
		<function name='CreateEnhMetaFile'/>
		<function name='CreateFont'/>
		<function name='CreateFontIndirect'/>
		<function name='CreateFontIndirectEx'/>
		<function name='CreateHalftonePalette'/>
		<function name='CreateHatchBrush'/>
		<function name='CreateIC'/>
		<function name='CreateMetaFile'/>
		<function name='CreatePalette'/>
		<function name='CreatePatternBrush'/>
		<function name='CreatePen'/>
		<function name='CreatePenIndirect'/>
		<function name='CreatePolygonRgn'/>
		<function name='CreatePolyPolygonRgn'/>
		<function name='CreateRectRgn'/>
		<function name='CreateRectRgnIndirect'/>
		<function name='CreateRoundRectRgn'/>
		<function name='CreateScalableFontResource'/>
		<function name='CreateSolidBrush'/>
		<function name='DeleteColorSpace'/>
		<function name='DeleteDC'/>
		<function name='DeleteEnhMetaFile'/>
		<function name='DeleteMetaFile'/>
		<function name='DeleteObject'/>
		<function name='DescribePixelFormat'/>
		<function name='DPtoLP'/>
		<function name='DrawEscape'/>
		<function name='Ellipse'/>
		<function name='EndDoc'/>
		<function name='EndPage'/>
		<function name='EndPath'/>
		<function name='EnumEnhMetaFile'/>
		<function name='EnumFontFamilies'/>
		<function name='EnumFontFamiliesEx'/>
		<function name='EnumFonts'/>
		<function name='EnumICMProfiles'/>
		<function name='EnumMetaFile'/>
		<function name='EnumObjects'/>
		<function name='EqualRgn'/>
		<function name='Escape'/>
		<function name='ExcludeClipRect'/>
		<function name='ExtCreatePen'/>
		<function name='ExtCreateRegion'/>
		<function name='ExtEscape'/>
		<function name='ExtFloodFill'/>
		<function name='ExtSelectClipRgn'/>
		<function name='ExtTextOut'/>
		<function name='FillPath'/>
		<function name='FillRgn'/>
		<function name='FlattenPath'/>
		<function name='FloodFill'/>
		<function name='FrameRgn'/>
		<function name='GdiComment'/>
		<function name='GdiFlush'/>
		<function name='GdiGetBatchLimit'/>
		<function name='GdipLoadImage'/>
		<function name='GdiSetBatchLimit'/>
		<function name='GetArcDirection'/>
		<function name='GetAspectRatioFilterEx'/>
		<function name='GetBitmapBits'/>
		<function name='GetBitmapDimensionEx'/>
		<function name='GetBkColor'/>
		<function name='GetBkMode'/>
		<function name='GetBoundsRect'/>
		<function name='GetBrushOrgEx'/>
		<function name='GetCharABCWidths'/>
		<function name='GetCharABCWidthsFloat'/>
		<function name='GetCharABCWidthsI'/>
		<function name='GetCharacterPlacement'/>
		<function name='GetCharWidth'/>
		<function name='GetCharWidth32'/>
		<function name='GetCharWidthFloat'/>
		<function name='GetCharWidthI'/>
		<function name='GetClipBox'/>
		<function name='GetClipRgn'/>
		<function name='GetColorAdjustment'/>
		<function name='GetColorSpace'/>
		<function name='GetCurrentObject'/>
		<function name='GetCurrentPositionEx'/>
		<function name='GetDCBrushColor'/>
		<function name='GetDCOrgEx'/>
		<function name='GetDCPenColor'/>
		<function name='GetDeviceCaps'/>
		<function name='GetDeviceGammaRamp'/>
		<function name='GetDIBColorTable'/>
		<function name='GetDIBits'/>
		<function name='GetEnhMetaFile'/>
		<function name='GetEnhMetaFileBits'/>
		<function name='GetEnhMetaFileDescription'/>
		<function name='GetEnhMetaFileHeader'/>
		<function name='GetEnhMetaFilePaletteEntries'/>
		<function name='GetEnhMetaFilePixelFormat'/>
		<function name='GetFontData'/>
		<function name='GetFontLanguageInfo'/>
		<function name='GetFontUnicodeRanges'/>
		<function name='GetGlyphIndices'/>
		<function name='GetGlyphOutline'/>
		<function name='GetGraphicsMode'/>
		<function name='GetICMProfile'/>
		<function name='GetKerningPairs'/>
		<function name='GetLayout'/>
		<function name='GetLogColorSpace'/>
		<function name='GetMapMode'/>
		<function name='GetMetaFileBitsEx'/>
		<function name='GetMetaRgn'/>
		<function name='GetMiterLimit'/>
		<function name='GetNearestColor'/>
		<function name='GetNearestPaletteIndex'/>
		<function name='GetObject'/>
		<function name='GetObjectType'/>
		<function name='GetOutlineTextMetrics'/>
		<function name='GetPaletteEntries'/>
		<function name='GetPath'/>
		<function name='GetPixel'/>
		<function name='GetPixelFormat'/>
		<function name='GetPolyFillMode'/>
		<function name='GetRandomRgn'/>
		<function name='GetRasterizerCaps'/>
		<function name='GetRegionData'/>
		<function name='GetRgnBox'/>
		<function name='GetROP2'/>
		<function name='GetStockObject'/>
		<function name='GetStretchBltMode'/>
		<function name='GetSystemPaletteEntries'/>
		<function name='GetSystemPaletteUse'/>
		<function name='GetTextAlign'/>
		<function name='GetTextCharacterExtra'/>
		<function name='GetTextCharset'/>
		<function name='GetTextCharsetInfo'/>
		<function name='GetTextColor'/>
		<function name='GetTextExtentExPoint'/>
		<function name='GetTextExtentExPointI'/>
		<function name='GetTextExtentPoint'/>
		<function name='GetTextExtentPoint32'/>
		<function name='GetTextExtentPointI'/>
		<function name='GetTextFace'/>
		<function name='GetTextMetrics'/>
		<function name='GetViewportExtEx'/>
		<function name='GetViewportOrgEx'/>
		<function name='GetWindowExtEx'/>
		<function name='GetWindowOrgEx'/>
		<function name='GetWinMetaFileBits'/>
		<function name='GetWorldTransform'/>
		<function name='gluErrorString'/>
		<function name='IntersectClipRect'/>
		<function name='InvertRgn'/>
		<function name='LineDDA'/>
		<function name='LineTo'/>
		<function name='LPtoDP'/>
		<function name='MaskBlt'/>
		<function name='ModifyWorldTransform'/>
		<function name='MoveToEx'/>
		<function name='OffsetClipRgn'/>
		<function name='OffsetRgn'/>
		<function name='OffsetViewportOrgEx'/>
		<function name='OffsetWindowOrgEx'/>
		<function name='PaintRgn'/>
		<function name='PatBlt'/>
		<function name='PathToRegion'/>
		<function name='Pie'/>
		<function name='PlayEnhMetaFile'/>
		<function name='PlayEnhMetaFileRecord'/>
		<function name='PlayMetaFile'/>
		<function name='PlayMetaFileRecord'/>
		<function name='PlgBlt'/>
		<function name='PolyBezier'/>
		<function name='PolyBezierTo'/>
		<function name='PolyDraw'/>
		<function name='Polygon'/>
		<function name='Polyline'/>
		<function name='PolylineTo'/>
		<function name='PolyPolygon'/>
		<function name='PolyPolyline'/>
		<function name='PolyTextOut'/>
		<function name='PtInRegion'/>
		<function name='PtVisible'/>
		<function name='RealizePalette'/>
		<function name='Rectangle'/>
		<function name='RectInRegion'/>
		<function name='RectVisible'/>
		<function name='RemoveFontMemResourceEx'/>
		<function name='RemoveFontResource'/>
		<function name='RemoveFontResourceEx'/>
		<function name='ResetDC'/>
		<function name='ResizePalette'/>
		<function name='RestoreDC'/>
		<function name='RoundRect'/>
		<function name='SaveDC'/>
		<function name='ScaleViewportExtEx'/>
		<function name='ScaleWindowExtEx'/>
		<function name='SelectClipPath'/>
		<function name='SelectClipRgn'/>
		<function name='SelectObject'/>
		<function name='SelectPalette'/>
		<function name='SetAbortProc'/>
		<function name='SetArcDirection'/>
		<function name='SetBitmapBits'/>
		<function name='SetBitmapDimensionEx'/>
		<function name='SetBkColor'/>
		<function name='SetBkMode'/>
		<function name='SetBoundsRect'/>
		<function name='SetBrushOrgEx'/>
		<function name='SetColorAdjustment'/>
		<function name='SetColorSpace'/>
		<function name='SetDCBrushColor'/>
		<function name='SetDCPenColor'/>
		<function name='SetDeviceGammaRamp'/>
		<function name='SetDIBColorTable'/>
		<function name='SetDIBits'/>
		<function name='SetDIBitsToDevice'/>
		<function name='SetEnhMetaFileBits'/>
		<function name='SetGraphicsMode'/>
		<function name='SetICMMode'/>
		<function name='SetICMProfile'/>
		<function name='SetLayout'/>
		<function name='SetMapMode'/>
		<function name='SetMapperFlags'/>
		<function name='SetMetaFileBitsEx'/>
		<function name='SetMetaRgn'/>
		<function name='SetMiterLimit'/>
		<function name='SetPaletteEntries'/>
		<function name='SetPixel'/>
		<function name='SetPixelFormat'/>
		<function name='SetPixelV'/>
		<function name='SetPolyFillMode'/>
		<function name='SetRectRgn'/>
		<function name='SetROP2'/>
		<function name='SetStretchBltMode'/>
		<function name='SetSystemPaletteUse'/>
		<function name='SetTextAlign'/>
		<function name='SetTextCharacterExtra'/>
		<function name='SetTextColor'/>
		<function name='SetTextJustification'/>
		<function name='SetViewportExtEx'/>
		<function name='SetViewportOrgEx'/>
		<function name='SetWindowExtEx'/>
		<function name='SetWindowOrgEx'/>
		<function name='SetWinMetaFileBits'/>
		<function name='SetWorldTransform'/>
		<function name='StartDoc'/>
		<function name='StartPage'/>
		<function name='StretchBlt'/>
		<function name='StretchDIBits'/>
		<function name='StrokeAndFillPath'/>
		<function name='StrokePath'/>
		<function name='SwapBuffers'/>
		<function name='TextOut'/>
		<function name='TranslateCharsetInfo'/>
		<function name='UnrealizeObject'/>
		<function name='UpdateColors'/>
		<function name='UpdateICMRegKey'/>
		<function name='WidenPath'/>
	</module>
	<module name='gdiplus'>
		<function name='GdipAddPathArc'/>
		<function name='GdipAddPathArcI'/>
		<function name='GdipAddPathBezier'/>
		<function name='GdipAddPathBezierI'/>
		<function name='GdipAddPathBeziers'/>
		<function name='GdipAddPathBeziersI'/>
		<function name='GdipAddPathClosedCurve'/>
		<function name='GdipAddPathClosedCurve2'/>
		<function name='GdipAddPathClosedCurve2I'/>
		<function name='GdipAddPathClosedCurveI'/>
		<function name='GdipAddPathCurve'/>
		<function name='GdipAddPathCurve2'/>
		<function name='GdipAddPathCurve2I'/>
		<function name='GdipAddPathCurve3'/>
		<function name='GdipAddPathCurve3I'/>
		<function name='GdipAddPathCurveI'/>
		<function name='GdipAddPathEllipse'/>
		<function name='GdipAddPathEllipseI'/>
		<function name='GdipAddPathLine'/>
		<function name='GdipAddPathLine2'/>
		<function name='GdipAddPathLine2I'/>
		<function name='GdipAddPathLineI'/>
		<function name='GdipAddPathPath'/>
		<function name='GdipAddPathPie'/>
		<function name='GdipAddPathPieI'/>
		<function name='GdipAddPathPolygon'/>
		<function name='GdipAddPathPolygonI'/>
		<function name='GdipAddPathRectangle'/>
		<function name='GdipAddPathRectangleI'/>
		<function name='GdipAddPathRectangles'/>
		<function name='GdipAddPathRectanglesI'/>
		<function name='GdipAddPathString'/>
		<function name='GdipAddPathStringI'/>
		<function name='GdipBeginContainer'/>
		<function name='GdipBeginContainer2'/>
		<function name='GdipBeginContainerI'/>
		<function name='GdipBitmapGetPixel'/>
		<function name='GdipBitmapLockBits'/>
		<function name='GdipBitmapSetPixel'/>
		<function name='GdipBitmapSetResolution'/>
		<function name='GdipBitmapUnlockBits'/>
		<function name='GdipClearPathMarkers'/>
		<function name='GdipCloneBitmapArea'/>
		<function name='GdipCloneBitmapAreaI'/>
		<function name='GdipCloneBrush'/>
		<function name='GdipCloneCustomLineCap'/>
		<function name='GdipCloneFont'/>
		<function name='GdipCloneFontFamily'/>
		<function name='GdipCloneImage'/>
		<function name='GdipCloneImageAttributes'/>
		<function name='GdipCloneMatrix'/>
		<function name='GdipClonePath'/>
		<function name='GdipClonePen'/>
		<function name='GdipCloneRegion'/>
		<function name='GdipCloneStringFormat'/>
		<function name='GdipClosePathFigure'/>
		<function name='GdipClosePathFigures'/>
		<function name='GdipCombineRegionPath'/>
		<function name='GdipCombineRegionRect'/>
		<function name='GdipCombineRegionRectI'/>
		<function name='GdipCombineRegionRegion'/>
		<function name='GdipComment'/>
		<function name='GdipCreateAdjustableArrowCap'/>
		<function name='GdipCreateBitmapFromFile'/>
		<function name='GdipCreateBitmapFromFileICM'/>
		<function name='GdipCreateBitmapFromGdiDib'/>
		<function name='GdipCreateBitmapFromGraphics'/>
		<function name='GdipCreateBitmapFromHBITMAP'/>
		<function name='GdipCreateBitmapFromHICON'/>
		<function name='GdiplusStartup'/>
	</module>
	<module name='glossary'>
		<function name='distributed computing'/>
		<function name='distributed computing'/>
		<function name='Marshaling'/>
		<function name='PInvoke'/>
	</module>
	<module name='glu32'>
		<function name='gluDeleteQuadric'/>
		<function name='gluErrorString'/>
		<function name='gluNewQuadric'/>
		<function name='gluQuadricDrawStyle'/>
		<function name='gluSphere'/>
	</module>
	<module name='glut32'>
	</module>
	<module name='gsapi'>
	</module>
	<module name='hhctrl'>
		<function name='HtmlHelp'/>
	</module>
	<module name='icmp'>
		<function name='IcmpCloseHandle'/>
		<function name='IcmpCreateFile'/>
		<function name='IcmpSendEcho'/>
	</module>
	<module name='imm32'>
		<function name='ImmGetContext'/>
		<function name='ImmGetConversionList'/>
		<function name='ImmReleaseContext'/>
	</module>
	<module name='interfaces'>
		<function name='IActiveDesktop'/>
		<function name='IAutoComplete2'/>
		<function name='IContextMenu'/>
		<function name='IContextMenu2'/>
		<function name='IContextMenu3'/>
		<function name='IDeskBand'/>
		<function name='IDocHostShowUI'/>
		<function name='IDocHostUIHandler'/>
		<function name='IDocHostUIHandler2'/>
		<function name='IEnumIDList'/>
		<function name='IEnumSTATSTG'/>
		<function name='IFilter'/>
		<function name='IInputObjectSite'/>
		<function name='IMalloc'/>
		<function name='IOleClientSite'/>
		<function name='IOleDocumentSite'/>
		<function name='IOleObject'/>
		<function name='IOleWindow'/>
		<function name='IPersist'/>
		<function name='IPersistFile'/>
		<function name='IQueryInfo'/>
		<function name='IServiceProvider'/>
		<function name='IShellFolder'/>
		<function name='ITransactionDispenser'/>
	</module>
	<module name='iphlpapi'>
	</module>
	<module name='iprop'>
		<function name='PropVariantClear'/>
	</module>
	<module name='kernel32'>
		<function name='AddAtom'/>
		<function name='AddLocalAlternateComputerName'/>
		<function name='AllocateUserPhysicalPages'/>
		<function name='AllocConsole'/>
		<function name='APIGetVersionEx'/>
		<function name='AreFileApisANSI'/>
		<function name='AssignProcessToJobObject'/>
		<function name='AttachConsole'/>
		<function name='BackupRead'/>
		<function name='BackupSeek'/>
		<function name='BackupWrite'/>
		<function name='Beep'/>
		<function name='BeginUpdateResource'/>
		<function name='BindIoCompletionCallback'/>
		<function name='BuildCommDCB'/>
		<function name='BuildCommDCBAndTimeouts'/>
		<function name='CallNamedPipe'/>
		<function name='CancelIo'/>
		<function name='CancelWaitableTimer'/>
		<function name='ChangeTimerQueueTimer'/>
		<function name='ClearCommBreak'/>
		<function name='ClearCommError'/>
		<function name='CloseHandle'/>
		<function name='CommConfigDialog'/>
		<function name='CompareFileTime'/>
		<function name='CompareString'/>
		<function name='ConnectNamedPipe'/>
		<function name='ContinueDebugEvent'/>
		<function name='ConvertDefaultLocale'/>
		<function name='ConvertThreadToFiber'/>
		<function name='COORD'/>
		<function name='CopyFile'/>
		<function name='CopyFileEx'/>
		<function name='CreateConsoleScreenBuffer'/>
		<function name='CreateDirectory'/>
		<function name='CreateDirectoryEx'/>
		<function name='CreateEvent'/>
		<function name='CreateFiber'/>
		<function name='CreateFile'/>
		<function name='CreateFileMapping'/>
		<function name='CreateHardLink'/>
		<function name='CreateIoCompletionPort'/>
		<function name='CreateJobObject'/>
		<function name='CreateMailslot'/>
		<function name='CreateMutex'/>
		<function name='CreateNamedPipe'/>
		<function name='CreatePipe'/>
		<function name='CreateProcess'/>
		<function name='CreateRemoteThread'/>
		<function name='CreateSemaphore'/>
		<function name='CreateTapePartition'/>
		<function name='CreateThread'/>
		<function name='CreateTimerQueue'/>
		<function name='CreateTimerQueueTimer'/>
		<function name='CreateToolhelp32Snapshot flags'/>
		<function name='CreateToolhelp32Snapshot'/>
		<function name='CreateWaitableTimer'/>
		<function name='DebugActiveProcess'/>
		<function name='DebugBreak'/>
		<function name='DefineDosDevice'/>
		<function name='DeleteAtom'/>
		<function name='DeleteCriticalSection'/>
		<function name='DeleteFiber'/>
		<function name='DeleteFile'/>
		<function name='DeleteTimerQueue'/>
		<function name='DeleteTimerQueueEx'/>
		<function name='DeleteTimerQueueTimer'/>
		<function name='DeleteVolumeMountPoint'/>
		<function name='DeviceIoControl'/>
		<function name='DisableThreadLibraryCalls'/>
		<function name='DisconnectNamedPipe'/>
		<function name='DnsHostnameToComputerName'/>
		<function name='DosDateTimeToFileTime'/>
		<function name='DuplicateConsoleHandle'/>
		<function name='DuplicateHandle'/>
		<function name='eap32ListNext'/>
		<function name='EndUpdateResource'/>
		<function name='EnterCriticalSection'/>
		<function name='EnumCalendarInfo'/>
		<function name='EnumCalendarInfoEx'/>
		<function name='EnumDateFormats'/>
		<function name='EnumDateFormatsEx'/>
		<function name='EnumerateLocalComputerNames'/>
		<function name='EnumLanguageGroupLocales'/>
		<function name='EnumResourceLanguages'/>
		<function name='EnumResourceNames'/>
		<function name='EnumResourceTypes'/>
		<function name='EnumSystemCodePages'/>
		<function name='EnumSystemLanguageGroups'/>
		<function name='EnumSystemLocales'/>
		<function name='EnumTimeFormats'/>
		<function name='EnumUILanguages'/>
		<function name='EraseTape'/>
		<function name='EscapeCommFunction'/>
		<function name='ExitProcess'/>
		<function name='ExitThread'/>
		<function name='FatalAppExit'/>
		<function name='FatalExit'/>
		<function name='FileTimeToDosDateTime'/>
		<function name='FileTimeToLocalFileTime'/>
		<function name='FileTimeToSystemTime'/>
		<function name='FillConsoleOutputAttribute'/>
		<function name='FillConsoleOutputCharacter'/>
		<function name='FindAtom'/>
		<function name='FindClose'/>
		<function name='FindCloseChangeNotification'/>
		<function name='FindFirstChangeNotification'/>
		<function name='FindFirstFile'/>
		<function name='FindFirstFileEx'/>
		<function name='FindFirstVolume'/>
		<function name='FindFirstVolumeMountPoint'/>
		<function name='FindNextChangeNotification'/>
		<function name='FindNextFile'/>
		<function name='FindNextVolume'/>
		<function name='FindNextVolumeMountPoint'/>
		<function name='FindResource'/>
		<function name='FindResourceEx'/>
		<function name='FindVolumeClose'/>
		<function name='FindVolumeMountPointClose'/>
		<function name='FlushConsoleInputBuffer'/>
		<function name='FlushFileBuffers'/>
		<function name='FlushInstructionCache'/>
		<function name='FlushViewOfFile'/>
		<function name='FoldString'/>
		<function name='FormatMessage'/>
		<function name='FreeConsole'/>
		<function name='FreeEnvironmentStrings'/>
		<function name='FreeLibrary'/>
		<function name='FreeLibraryAndExitThread'/>
		<function name='FreeUserPhysicalPages'/>
		<function name='GenerateConsoleCtrlEvent'/>
		<function name='Get'/>
		<function name='GetACP'/>
		<function name='GetAtomName'/>
		<function name='GetBinaryType'/>
		<function name='GetCalendarInfo'/>
		<function name='GetCommandLine'/>
		<function name='GetCommConfig'/>
		<function name='GetCommMask'/>
		<function name='GetCommModemStatus'/>
		<function name='GetCommProperties'/>
		<function name='GetCommState'/>
		<function name='GetCommTimeouts'/>
		<function name='GetCompressedFileSize'/>
		<function name='GetComputerName'/>
		<function name='GetComputerNameEx'/>
		<function name='GetConsoleCP'/>
		<function name='GetConsoleCursorInfo'/>
		<function name='GetConsoleMode'/>
		<function name='GetConsoleOutputCP'/>
		<function name='GetConsoleScreenBufferInfo'/>
		<function name='GetConsoleTitle'/>
		<function name='GetConsoleWindow'/>
		<function name='GetCPInfo'/>
		<function name='GetCPInfoEx'/>
		<function name='GetCurrencyFormat'/>
		<function name='GetCurrentDirectory'/>
		<function name='GetCurrentProcess'/>
		<function name='GetCurrentProcessId'/>
		<function name='GetCurrentThread'/>
		<function name='GetCurrentThreadId'/>
		<function name='GetDateFormat'/>
		<function name='GetDefaultCommConfig'/>
		<function name='GetDevicePowerState'/>
		<function name='GetDiskFreeSpace'/>
		<function name='GetDiskFreeSpaceEx'/>
		<function name='GetDriveType'/>
		<function name='GetEnvironmentStrings'/>
		<function name='GetEnvironmentVariable'/>
		<function name='GetExitCodeProcess'/>
		<function name='GetExitCodeThread'/>
		<function name='GetFileAttributes'/>
		<function name='GetFileAttributesEx'/>
		<function name='GetFileInformationByHandle'/>
		<function name='GetFileSize'/>
		<function name='GetFileSizeEx'/>
		<function name='GetFileTime'/>
		<function name='GetFileType'/>
		<function name='GetFullPathName'/>
		<function name='GetHandleInformation'/>
		<function name='GetLargestConsoleWindowSize'/>
		<function name='GetLastError'/>
		<function name='GetLocaleInfo'/>
		<function name='GetLocalTime'/>
		<function name='GetLogicalDrives'/>
		<function name='GetLogicalDriveStrings'/>
		<function name='GetLongPathName'/>
		<function name='GetMailslotInfo'/>
		<function name='GetModuleFileName'/>
		<function name='GetModuleHandle'/>
		<function name='GetNamedPipeHandleState'/>
		<function name='GetNamedPipeInfo'/>
		<function name='GetNumberFormat'/>
		<function name='GetNumberOfConsoleInputEvents'/>
		<function name='GetNumberOfConsoleMouseButtons'/>
		<function name='GetOEMCP'/>
		<function name='GetOverlappedResult'/>
		<function name='GetPriorityClass'/>
		<function name='GetPrivateProfileInt'/>
		<function name='GetPrivateProfileSection'/>
		<function name='GetPrivateProfileSectionNames'/>
		<function name='GetPrivateProfileString'/>
		<function name='GetPrivateProfileStruct'/>
		<function name='GetProcAddress'/>
		<function name='GetProcessAffinityMask'/>
		<function name='GetProcessHeap'/>
		<function name='GetProcessHeaps'/>
		<function name='GetProcessIoCounters'/>
		<function name='GetProcessPriorityBoost'/>
		<function name='GetProcessShutdownParameters'/>
		<function name='GetProcessTimes'/>
		<function name='GetProcessVersion'/>
		<function name='GetProcessWorkingSetSize'/>
		<function name='GetProfileInt'/>
		<function name='GetProfileSection'/>
		<function name='GetProfileString'/>
		<function name='GetQueuedCompletionStatus'/>
		<function name='GetShortPathName'/>
		<function name='GetStartupInfo'/>
		<function name='GetStdHandle'/>
		<function name='GetStringType'/>
		<function name='GetStringTypeEx'/>
		<function name='GetSystemDefaultLangID'/>
		<function name='GetSystemDefaultLCID'/>
		<function name='GetSystemDefaultUILanguage'/>
		<function name='GetSystemDirectory'/>
		<function name='GetSystemInfo'/>
		<function name='GetSystemPowerStatus'/>
		<function name='GetSystemTime'/>
		<function name='GetSystemTimeAdjustment'/>
		<function name='GetSystemTimeAsFileTime'/>
		<function name='GetSystemWindowsDirectory'/>
		<function name='GetTapeParameters'/>
		<function name='GetTapePosition'/>
		<function name='GetTapeStatus'/>
		<function name='GetTempFileName'/>
		<function name='GetTempPath'/>
		<function name='GetThreadContext'/>
		<function name='GetThreadLocale'/>
		<function name='GetThreadPriority'/>
		<function name='GetThreadPriorityBoost'/>
		<function name='GetThreadSelectorEntry'/>
		<function name='GetThreadTimes'/>
		<function name='GetTickCount'/>
		<function name='GetTimeFormat'/>
		<function name='GetTimeZoneInformation'/>
		<function name='GetUserDefaultLangID'/>
		<function name='GetUserDefaultLCID'/>
		<function name='GetUserDefaultUILanguage'/>
		<function name='GetVersion'/>
		<function name='GetVersionEx'/>
		<function name='GetVolumeInformation'/>
		<function name='GetVolumeNameForVolumeMountPoint'/>
		<function name='GetVolumePathName'/>
		<function name='GetWindowsDirectory'/>
		<function name='GetWriteWatch'/>
		<function name='GlobalAddAtom'/>
		<function name='GlobalAlloc'/>
		<function name='GlobalDeleteAtom'/>
		<function name='GlobalFindAtom'/>
		<function name='GlobalFlags'/>
		<function name='GlobalFree'/>
		<function name='GlobalGetAtomName'/>
		<function name='GlobalHandle'/>
		<function name='GlobalLock'/>
		<function name='GlobalMemoryStatus'/>
		<function name='GlobalMemoryStatusEx'/>
		<function name='GlobalReAlloc'/>
		<function name='GlobalSize'/>
		<function name='GlobalUnlock'/>
		<function name='Heap32First'/>
		<function name='Heap32ListFirst'/>
		<function name='Heap32Next'/>
		<function name='HeapAlloc'/>
		<function name='HeapCompact'/>
		<function name='HeapCreate'/>
		<function name='HeapDestroy'/>
		<function name='HeapFree'/>
		<function name='HeapLock'/>
		<function name='HeapReAlloc'/>
		<function name='HeapSize'/>
		<function name='HeapUnlock'/>
		<function name='HeapValidate'/>
		<function name='HeapWalk'/>
		<function name='InitAtomTable'/>
		<function name='InitializeCriticalSection'/>
		<function name='InitializeCriticalSectionAndSpinCount'/>
		<function name='InterlockedCompareExchange'/>
		<function name='InterlockedDecrement'/>
		<function name='InterlockedExchange'/>
		<function name='InterlockedExchangeAdd'/>
		<function name='InterlockedIncrement'/>
		<function name='IsBadCodePtr'/>
		<function name='IsBadReadPtr'/>
		<function name='IsBadStringPtr'/>
		<function name='IsBadWritePtr'/>
		<function name='IsDBCSLeadByte'/>
		<function name='IsDBCSLeadByteEx'/>
		<function name='IsDebuggerPresent'/>
		<function name='IsProcessorFeaturePresent'/>
		<function name='IsSystemResumeAutomatic'/>
		<function name='IsValidCodePage'/>
		<function name='IsValidLanguageGroup'/>
		<function name='IsValidLocale'/>
		<function name='LCMapString'/>
		<function name='LeaveCriticalSection'/>
		<function name='LoadLibrary'/>
		<function name='LoadLibraryEx'/>
		<function name='LoadModule'/>
		<function name='LoadResource'/>
		<function name='LocalAlloc'/>
		<function name='LocalFileTimeToFileTime'/>
		<function name='LocalFlags'/>
		<function name='LocalFree'/>
		<function name='LocalHandle'/>
		<function name='LocalLock'/>
		<function name='LocalReAlloc'/>
		<function name='LocalSize'/>
		<function name='LocalUnlock'/>
		<function name='LockFile'/>
		<function name='LockFileEx'/>
		<function name='LockResource'/>
		<function name='lstrcat'/>
		<function name='lstrcmp'/>
		<function name='lstrcmpi'/>
		<function name='lstrcpy'/>
		<function name='lstrcpyn'/>
		<function name='lstrlen'/>
		<function name='MapUserPhysicalPages'/>
		<function name='MapUserPhysicalPagesScatter'/>
		<function name='MapViewOfFile'/>
		<function name='MapViewOfFileEx'/>
		<function name='Module32First'/>
		<function name='Module32Next'/>
		<function name='MoveFile'/>
		<function name='MoveFileEx'/>
		<function name='MoveFileWithProgress'/>
		<function name='MulDiv'/>
		<function name='MultiByteToWideChar'/>
		<function name='NetBIOS'/>
		<function name='OpenEvent'/>
		<function name='OpenFile'/>
		<function name='openfileex'/>
		<function name='OpenFileMapping'/>
		<function name='OpenJobObject'/>
		<function name='OpenMutex'/>
		<function name='OpenProcess'/>
		<function name='OpenSemaphore'/>
		<function name='OpenThread'/>
		<function name='OpenWaitableTimer'/>
		<function name='OutputDebugString'/>
		<function name='PeekConsoleInput'/>
		<function name='PeekNamedPipe'/>
		<function name='PostQueuedCompletionStatus'/>
		<function name='PrepareTape'/>
		<function name='Process32First'/>
		<function name='Process32Next'/>
		<function name='ProcessIdToSessionId'/>
		<function name='PulseEvent'/>
		<function name='PurgeComm'/>
		<function name='QueryDosDevice'/>
		<function name='QueryInformationJobObject'/>
		<function name='QueryPerformanceCounter'/>
		<function name='QueryPerformanceFrequency'/>
		<function name='QueueUserAPC'/>
		<function name='QueueUserWorkItem'/>
		<function name='RaiseException'/>
		<function name='ReadConsole'/>
		<function name='ReadConsoleInput'/>
		<function name='ReadConsoleOutput'/>
		<function name='ReadConsoleOutputAttribute'/>
		<function name='ReadConsoleOutputCharacter'/>
		<function name='ReadDirectoryChangesW'/>
		<function name='ReadFile'/>
		<function name='ReadFileEx'/>
		<function name='ReadFileScatter'/>
		<function name='ReadProcessMemory'/>
		<function name='RegisterWaitForSingleObject'/>
		<function name='ReleaseMutex'/>
		<function name='ReleaseSemaphore'/>
		<function name='RemoveDirectory'/>
		<function name='RemoveLocalAlternateComputerName'/>
		<function name='ReplaceFile'/>
		<function name='RequestWakeupLatency'/>
		<function name='ResetEvent'/>
		<function name='ResetWriteWatch'/>
		<function name='ResumeThread'/>
		<function name='ScrollConsoleScreenBuffer'/>
		<function name='SearchPath'/>
		<function name='SetCalendarInfo'/>
		<function name='SetCommBreak'/>
		<function name='SetCommConfig'/>
		<function name='SetCommMask'/>
		<function name='SetCommState'/>
		<function name='SetCommTimeouts'/>
		<function name='SetComputerName'/>
		<function name='SetComputerNameEx'/>
		<function name='SetConsoleActiveScreenBuffer'/>
		<function name='SetConsoleCP'/>
		<function name='SetConsoleCtrlHandler'/>
		<function name='SetConsoleCursorInfo'/>
		<function name='SetConsoleCursorPosition'/>
		<function name='SetConsoleMode'/>
		<function name='SetConsoleOutputCP'/>
		<function name='SetConsoleScreenBufferSize'/>
		<function name='SetConsoleTextAttribute'/>
		<function name='SetConsoleTitle'/>
		<function name='SetConsoleWindowInfo'/>
		<function name='SetCriticalSectionSpinCount'/>
		<function name='SetCurrentDirectory'/>
		<function name='SetDefaultCommConfig'/>
		<function name='SetEndOfFile'/>
		<function name='SetEnvironmentVariable'/>
		<function name='SetErrorMode'/>
		<function name='SetEvent'/>
		<function name='SetFileApisToANSI'/>
		<function name='SetFileApisToOEM'/>
		<function name='SetFileAttributes'/>
		<function name='SetFilePointer'/>
		<function name='SetFilePointerEx'/>
		<function name='SetFileShortName'/>
		<function name='SetFileTime'/>
		<function name='SetHandleInformation'/>
		<function name='SetInformationJobObject'/>
		<function name='SetLastError'/>
		<function name='SetLocaleInfo'/>
		<function name='SetLocalPrimaryComputerName'/>
		<function name='SetLocalTime'/>
		<function name='SetMailslotInfo'/>
		<function name='SetNamedPipeHandleState'/>
		<function name='SetPriorityClass'/>
		<function name='SetProcessAffinityMask'/>
		<function name='SetProcessPriorityBoost'/>
		<function name='SetProcessShutdownParameters'/>
		<function name='SetProcessWorkingSetSize'/>
		<function name='SetStdHandle'/>
		<function name='SetSystemPowerState'/>
		<function name='SetSystemTime'/>
		<function name='SetSystemTimeAdjustment'/>
		<function name='SetTapeParameters'/>
		<function name='SetTapePosition'/>
		<function name='SetThreadAffinityMask'/>
		<function name='SetThreadContext'/>
		<function name='SetThreadExecutionState'/>
		<function name='SetThreadIdealProcessor'/>
		<function name='SetThreadLocale'/>
		<function name='SetThreadPriority'/>
		<function name='SetThreadPriorityBoost'/>
		<function name='SetTimeZoneInformation'/>
		<function name='SetUnhandledExceptionFilter'/>
		<function name='SetupComm'/>
		<function name='SetVolumeLabel'/>
		<function name='SetVolumeMountPoint'/>
		<function name='SetWaitableTimer'/>
		<function name='SignalObjectAndWait'/>
		<function name='SizeofResource'/>
		<function name='Sleep'/>
		<function name='SleepEx'/>
		<function name='SuspendThread'/>
		<function name='SwitchToFiber'/>
		<function name='SwitchToThread'/>
		<function name='SystemTimeToFileTime'/>
		<function name='SystemTimeToTzSpecificLocalTime'/>
		<function name='TerminateJobObject'/>
		<function name='TerminateProcess'/>
		<function name='TerminateThread'/>
		<function name='Thread32First'/>
		<function name='Thread32Next'/>
		<function name='TlsAlloc'/>
		<function name='TlsFree'/>
		<function name='TlsGetValue'/>
		<function name='TlsSetValue'/>
		<function name='Toolhelp32ReadProcessMemory'/>
		<function name='TransactNamedPipe'/>
		<function name='TransmitCommChar'/>
		<function name='TryEnterCriticalSection'/>
		<function name='UnhandledExceptionFilter'/>
		<function name='UnlockFile'/>
		<function name='UnlockFileEx'/>
		<function name='UnmapViewOfFile'/>
		<function name='UnregisterWait'/>
		<function name='UnregisterWaitEx'/>
		<function name='UpdateResource'/>
		<function name='VerifyVersionInfo'/>
		<function name='VerLanguageName'/>
		<function name='VerSetConditionMask'/>
		<function name='VirtualAlloc'/>
		<function name='VirtualAllocEx'/>
		<function name='VirtualFree'/>
		<function name='VirtualFreeEx'/>
		<function name='VirtualLock'/>
		<function name='VirtualProtect'/>
		<function name='VirtualProtectEx'/>
		<function name='VirtualQuery'/>
		<function name='VirtualQueryEx'/>
		<function name='VirtualUnlock'/>
		<function name='WaitCommEvent'/>
		<function name='WaitForDebugEvent'/>
		<function name='WaitForMultipleObjects'/>
		<function name='WaitForMultipleObjectsEx'/>
		<function name='WaitForSingleObject'/>
		<function name='WaitForSingleObjectEx'/>
		<function name='WaitNamedPipe'/>
		<function name='WideCharToMultiByte'/>
		<function name='WinExec'/>
		<function name='WriteConsole'/>
		<function name='WriteConsoleInput'/>
		<function name='WriteConsoleOutput'/>
		<function name='WriteConsoleOutputAttribute'/>
		<function name='WriteConsoleOutputCharacter'/>
		<function name='WriteFile'/>
		<function name='WriteFileEx'/>
		<function name='WriteFileGather'/>
		<function name='WritePrivateProfileSection'/>
		<function name='WritePrivateProfileString'/>
		<function name='WritePrivateProfileStruct'/>
		<function name='WriteProcessMemory'/>
		<function name='WriteProfileSection'/>
		<function name='WriteProfileString'/>
		<function name='WriteTapemark'/>
		<function name='WTSGetActiveConsoleSessionId'/>
	</module>
	<module name='mapi32'>
		<function name='MAPIAddress'/>
		<function name='MAPIDeleteMail'/>
		<function name='MAPIDetails'/>
		<function name='MAPIFindNext'/>
		<function name='MAPIFreeBuffer'/>
		<function name='MAPILogoff'/>
		<function name='MAPILogon'/>
		<function name='MAPIReadMail'/>
		<function name='MAPIResolveName'/>
		<function name='MAPISaveMail'/>
		<function name='MAPISendDocuments'/>
		<function name='MAPISendMail'/>
	</module>
	<module name='misc'>
		<function name='Comments'/>
		<function name='FAQ'/>
		<function name='Helpful Tools'/>
		<function name='Playground'/>
		<function name='Suggested Reading'/>
		<function name='Website TODO List'/>
	</module>
	<module name='mpr'>
		<function name='WNetAddConnection2'/>
		<function name='WNetAddConnection3'/>
		<function name='WNetCancelConnection'/>
		<function name='WNetCancelConnection2'/>
		<function name='WNetCloseEnum'/>
		<function name='WNetEnumResource'/>
		<function name='WNetGetConnection'/>
		<function name='WNetOpenEnum'/>
	</module>
	<module name='mqrt'>
		<function name='MQGetQueueSecurity'/>
		<function name='MQSetQueueSecurity'/>
	</module>
	<module name='mscorsn'>
		<function name='StrongNameErrorInfo'/>
		<function name='StrongNameFreeBuffer'/>
		<function name='StrongNameKeyGen'/>
		<function name='StrongNameKeyGenEx'/>
		<function name='StrongNameSignatureVerification'/>
		<function name='StrongNameSignatureVerificationEx'/>
	</module>
	<module name='msdrm'>
		<function name='DRMCreateClientSession'/>
	</module>
	<module name='msi'>
		<function name='MsiCreateRecord'/>
		<function name='MsiProvideAssembly'/>
	</module>
	<module name='msvcrt'>
		<function name='fclose'/>
		<function name='fopen'/>
		<function name='fwrite'/>
		<function name='kbhit'/>
		<function name='sprintf'/>
	</module>
	<module name='netapi32'>
		<function name='DsGetDcName'/>
		<function name='NetApiBufferFree'/>
		<function name='NetFileClose'/>
		<function name='NetFileEnum'/>
		<function name='NetGroupAdd'/>
		<function name='NetJoinDomain'/>
		<function name='NetLocalGroupDel'/>
		<function name='NetLocalGroupEnum'/>
		<function name='NetMessageBufferSend'/>
		<function name='NetQueryDisplayInformation'/>
		<function name='NetRemoteTOD'/>
		<function name='netserverenum'/>
		<function name='NetServerGetInfo'/>
		<function name='NetShareAdd'/>
		<function name='NetShareDel'/>
		<function name='NetShareEnum'/>
		<function name='NetShareGetInfo'/>
		<function name='NetUseAdd'/>
		<function name='NetUserEnum'/>
		<function name='USER_INFO_0'/>
	</module>
	<module name='ntdll'>
		<function name='NtQueryInformationProcess'/>
	</module>
	<module name='ntdsapi'>
		<function name='DsBind'/>
		<function name='DsCrackNames'/>
		<function name='DsFreeNameResult'/>
		<function name='DsUnBind'/>
	</module>
	<module name='odbc32'>
		<function name='SQLAllocHandle'/>
		<function name='SQLBindCol'/>
		<function name='SQLConnect'/>
		<function name='SQLDataSources'/>
		<function name='SQLDisconnect'/>
		<function name='SQLDriverConnect'/>
		<function name='SQLExecDirect'/>
		<function name='SQLGetDiagField'/>
		<function name='SQLGetDiagRec'/>
		<function name='SQLMoreResults'/>
		<function name='SQLRowCount'/>
		<function name='SQLSetEnvAttr'/>
	</module>
	<module name='odbccp32'>
		<function name='SQLConfigDataSource'/>
		<function name='SQLGetInstalledDrivers'/>
		<function name='SQLInstallerError'/>
	</module>
	<module name='ole32'>
		<function name='BindMoniker'/>
		<function name='BIND_OPTS'/>
		<function name='CLSIDFromProgID'/>
		<function name='CLSIDFromProgIDEx'/>
		<function name='CLSIDFromString'/>
		<function name='CoAddRefServerProcess'/>
		<function name='CoAllowSetForegroundWindow'/>
		<function name='CoCancelCall'/>
		<function name='CoCopyProxy'/>
		<function name='CoCreateFreeThreadedMarshaler'/>
		<function name='CoCreateGuid'/>
		<function name='CoCreateInstance'/>
		<function name='CoCreateInstanceEx'/>
		<function name='CoDisableCallCancellation'/>
		<function name='CoDisconnectObject'/>
		<function name='CoDosDateTimeToFileTime'/>
		<function name='CoEnableCallCancellation'/>
		<function name='CoFileTimeNow'/>
		<function name='CoFileTimeToDosDateTime'/>
		<function name='CoFreeAllLibraries'/>
		<function name='CoFreeLibrary'/>
		<function name='CoFreeUnusedLibraries'/>
		<function name='CoGetCallContext'/>
		<function name='CoGetCancelObject'/>
		<function name='CoGetClassObject'/>
		<function name='CoGetCurrentProcess'/>
		<function name='CoGetInstanceFromFile'/>
		<function name='CoGetInstanceFromIStorage'/>
		<function name='CoGetInterfaceAndReleaseStream'/>
		<function name='CoGetMalloc'/>
		<function name='CoGetMarshalSizeMax'/>
		<function name='CoGetObject'/>
		<function name='CoGetObjectContext'/>
		<function name='CoGetPSClsid'/>
		<function name='CoGetStandardMarshal'/>
		<function name='CoGetStdMarshalEx'/>
		<function name='CoGetTreatAsClass'/>
		<function name='CoImpersonateClient'/>
		<function name='CoInitialize'/>
		<function name='CoInitializeEx'/>
		<function name='CoInitializeSecurity'/>
		<function name='CoIsHandlerConnected'/>
		<function name='CoIsOle1Class'/>
		<function name='CoLoadLibrary'/>
		<function name='CoLockObjectExternal'/>
		<function name='CoMarshalHresult'/>
		<function name='CoMarshalInterface'/>
		<function name='CoMarshalInterThreadInterfaceInStream'/>
		<function name='CoQueryAuthenticationServices'/>
		<function name='CoQueryClientBlanket'/>
		<function name='CoQueryProxyBlanket'/>
		<function name='CoRegisterClassObject'/>
		<function name='CoRegisterMallocSpy'/>
		<function name='CoRegisterMessageFilter'/>
		<function name='CoRegisterPSClsid'/>
		<function name='CoRegisterSurrogate'/>
		<function name='CoReleaseMarshalData'/>
		<function name='CoReleaseServerProcess'/>
		<function name='CoResumeClassObjects'/>
		<function name='CoRevertToSelf'/>
		<function name='CoRevokeClassObject'/>
		<function name='CoRevokeMallocSpy'/>
		<function name='CoSetCancelObject'/>
		<function name='CoSetProxyBlanket'/>
		<function name='CoSuspendClassObjects'/>
		<function name='CoSwitchCallContext'/>
		<function name='CoTaskMemAlloc'/>
		<function name='CoTaskMemFree'/>
		<function name='CoTaskMemRealloc'/>
		<function name='CoTestCancel'/>
		<function name='CoTreatAsClass'/>
		<function name='CoUninitialize'/>
		<function name='CoUnmarshalHresult'/>
		<function name='CoUnmarshalInterface'/>
		<function name='CoWaitForMultipleHandles'/>
		<function name='CreateAntiMoniker'/>
		<function name='CreateBindCtx'/>
		<function name='CreateClassMoniker'/>
		<function name='CreateDataAdviseHolder'/>
		<function name='CreateDataCache'/>
		<function name='CreateErrorInfo'/>
		<function name='CreateFileMoniker'/>
		<function name='CreateGenericComposite'/>
		<function name='CreateILockBytesOnHGlobal'/>
		<function name='CreateItemMoniker'/>
		<function name='CreateObjrefMoniker'/>
		<function name='CreateOleAdviseHolder'/>
		<function name='CreatePointerMoniker'/>
		<function name='CreateStreamOnHGlobal'/>
		<function name='DoDragDrop'/>
		<function name='FmtIdToPropStgName'/>
		<function name='FreePropVariantArray'/>
		<function name='GetClassFile'/>
		<function name='GetConvertStg'/>
		<function name='GetErrorInfo'/>
		<function name='GetHGlobalFromILockBytes'/>
		<function name='GetHGlobalFromStream'/>
		<function name='GetRunningObjectTable'/>
		<function name='IIDFromString'/>
		<function name='IsAccelerator'/>
		<function name='IsEqualGUID'/>
		<function name='MkParseDisplayName'/>
		<function name='MonikerCommonPrefixWith'/>
		<function name='MonikerRelativePathTo'/>
		<function name='OleCreate'/>
		<function name='OleCreateDefaultHandler'/>
		<function name='OleCreateEmbeddingHelper'/>
		<function name='OleCreateEx'/>
		<function name='OleCreateFromData'/>
		<function name='OleCreateFromDataEx'/>
		<function name='OleCreateFromFile'/>
		<function name='OleCreateFromFileEx'/>
		<function name='OleCreateLink'/>
		<function name='OleCreateLinkEx'/>
		<function name='OleCreateLinkFromData'/>
		<function name='OleCreateLinkFromDataEx'/>
		<function name='OleCreateLinkToFile'/>
		<function name='OleCreateLinkToFileEx'/>
		<function name='OleCreateMenuDescriptor'/>
		<function name='OleCreateStaticFromData'/>
		<function name='OleDestroyMenuDescriptor'/>
		<function name='OleDoAutoConvert'/>
		<function name='OleDraw'/>
		<function name='OleDuplicateData'/>
		<function name='OleFlushClipboard'/>
		<function name='OleGetAutoConvert'/>
		<function name='OleGetClipboard'/>
		<function name='OleGetIconOfClass'/>
		<function name='OleGetIconOfFile'/>
		<function name='OleInitialize'/>
		<function name='OleIsCurrentClipboard'/>
		<function name='OleIsRunning'/>
		<function name='OleLoad'/>
		<function name='OleLoadFromStream'/>
		<function name='OleLockRunning'/>
		<function name='OleMetafilePictFromIconAndLabel'/>
		<function name='OleNoteObjectVisible'/>
		<function name='OleQueryCreateFromData'/>
		<function name='OleQueryLinkFromData'/>
		<function name='OleRegEnumFormatEtc'/>
		<function name='OleRegEnumVerbs'/>
		<function name='OleRegGetMiscStatus'/>
		<function name='OleRegGetUserType'/>
		<function name='OleRun'/>
		<function name='OleSave'/>
		<function name='OleSaveToStream'/>
		<function name='OleSetAutoConvert'/>
		<function name='OleSetClipboard'/>
		<function name='OleSetContainedObject'/>
		<function name='OleSetMenuDescriptor'/>
		<function name='OleTranslateAccelerator'/>
		<function name='OleUninitialize'/>
		<function name='ProgIDFromCLSID'/>
		<function name='PropStgNameToFmtId'/>
		<function name='PropVariantClear'/>
		<function name='PropVariantCopy'/>
		<function name='ReadClassStg'/>
		<function name='ReadClassStm'/>
		<function name='ReadFmtUserTypeStg'/>
		<function name='RegisterDragDrop'/>
		<function name='ReleaseStgMedium'/>
		<function name='RevokeDragDrop'/>
		<function name='SetConvertStg'/>
		<function name='SetErrorInfo'/>
		<function name='StgCreateDocfile'/>
		<function name='StgCreateDocfileOnILockBytes'/>
		<function name='StgCreatePropSetStg'/>
		<function name='StgCreatePropStg'/>
		<function name='StgCreateStorageEx'/>
		<function name='StgGetIFillLockBytesOnFile'/>
		<function name='StgGetIFillLockBytesOnILockBytes'/>
		<function name='StgIsStorageFile'/>
		<function name='StgIsStorageILockBytes'/>
		<function name='StgOpenAsyncDocfileOnIFillLockBytes'/>
		<function name='StgOpenPropStg'/>
		<function name='StgOpenStorage'/>
		<function name='StgOpenStorageEx'/>
		<function name='StgOpenStorageOnILockBytes'/>
		<function name='StgSetTimes'/>
		<function name='StringFromCLSID'/>
		<function name='StringFromGUID2'/>
		<function name='StringFromIID'/>
		<function name='WriteClassStg'/>
		<function name='WriteClassStm'/>
		<function name='WriteFmtUserTypeStg'/>
	</module>
	<module name='oleacc'>
		<function name='AccessibleChildren'/>
		<function name='AccessibleObjectFromEvent'/>
		<function name='AccessibleObjectFromWindow'/>
		<function name='GetRoleText'/>
		<function name='GetStateText'/>
		<function name='ObjectFromLresult'/>
		<function name='WindowFromAccessibleObject'/>
	</module>
	<module name='oleaut32'>
		<function name='GetActiveObject'/>
		<function name='RegisterTypeLib'/>
		<function name='SysFreeString'/>
		<function name='SysStringLen'/>
		<function name='VariantInit'/>
	</module>
	<module name='opengl32'>
		<function name='wglUseFontOutlines'/>
		<function name='WinXP'/>
	</module>
	<module name='powrprof'>
		<function name='IsPwrHibernateAllowed'/>
		<function name='IsPwrShutdownAllowed'/>
		<function name='IsPwrSuspendAllowed'/>
	</module>
	<module name='pstorec'>
	</module>
	<module name='query'>
		<function name='LoadIFilter'/>
	</module>
	<module name='rapi'>
		<function name='CeCloseHandle'/>
		<function name='CeCopyFile'/>
		<function name='CeCreateDirectory'/>
		<function name='CeCreateFile'/>
		<function name='CeCreateProcess'/>
		<function name='CeDeleteFile'/>
		<function name='CeFindFirstFile'/>
		<function name='CeFindNextFile'/>
		<function name='CeGetFileSize'/>
		<function name='CeGetLastError'/>
		<function name='CeGetVersionEx'/>
		<function name='CeRapiGetError'/>
		<function name='CeRapiInit'/>
		<function name='CeRapiInitEx'/>
		<function name='CeRapiUninit'/>
		<function name='CeReadFile'/>
		<function name='CeRegCloseKey'/>
		<function name='CeRegCreateKeyEx'/>
		<function name='CeRegDeleteKey'/>
		<function name='CeRegOpenKeyEx'/>
		<function name='CeRegQueryValueEx'/>
		<function name='CeRegSetValueEx'/>
		<function name='CeRemoveDirectory'/>
		<function name='CeSetFileAttributes'/>
		<function name='CeWriteFile'/>
		<function name='CE_FIND_DATA'/>
	</module>
	<module name='rasapi32'>
		<function name='RasDial'/>
		<function name='RasEnumEntries'/>
		<function name='RasGetConnectionStatistics'/>
		<function name='RasGetEntryDialParams'/>
		<function name='RasGetProjectionInfo'/>
		<function name='RasHangUp'/>
		<function name='RasValidateEntryName'/>
	</module>
	<module name='rpcrt4'>
	</module>
	<module name='secur32'>
		<function name='AcceptSecurityContext'/>
		<function name='AcquireCredentialsHandle'/>
		<function name='DecryptMessage'/>
		<function name='EncryptMessage'/>
		<function name='GetUserNameEx'/>
		<function name='ImpersonateSecurityContext'/>
		<function name='InitializeSecurityContext'/>
		<function name='LsaConnectUntrusted'/>
		<function name='LsaDeregisterLogonProcess'/>
		<function name='LsaFreeReturnBuffer'/>
		<function name='LsaLogonUser'/>
		<function name='LsaLookupAuthenticationPackage'/>
	</module>
	<module name='setupapi'>
	</module>
	<module name='shell32'>
		<function name='APPBARDATA'/>
		<function name='APPBARDATA'/>
		<function name='CommandLineToArgvW'/>
		<function name='DllGetVersion'/>
		<function name='DLLGETVERSIONINFO'/>
		<function name='DoEnvironmentSubst'/>
		<function name='DragAcceptFiles'/>
		<function name='DragFinish'/>
		<function name='DragQueryFile'/>
		<function name='DragQueryPoint'/>
		<function name='DuplicateIcon'/>
		<function name='ExtractAssociatedIcon'/>
		<function name='ExtractIcon'/>
		<function name='ExtractIconEx'/>
		<function name='FindExecutable'/>
		<function name='PickIconDlg'/>
		<function name='SHAddToRecentDocs'/>
		<function name='SHAppBarMessage'/>
		<function name='SHBindToParent'/>
		<function name='SHBrowseForFolder'/>
		<function name='SHChangeNotify'/>
		<function name='SHChangeNotifyRegister'/>
		<function name='SHChangeNotifyUnregister'/>
		<function name='SHCreateDirectoryEx'/>
		<function name='SHCreateProcessAsUserW'/>
		<function name='ShellAbout'/>
		<function name='ShellExecute'/>
		<function name='ShellExecuteEx'/>
		<function name='Shell_NotifyIcon'/>
		<function name='SHEmptyRecycleBin'/>
		<function name='SHFileOperation'/>
		<function name='SHFormatDrive'/>
		<function name='SHFreeNameMappings'/>
		<function name='SHGetDataFromIDList'/>
		<function name='SHGetDesktopFolder'/>
		<function name='SHGetDiskFreeSpace'/>
		<function name='SHGetFileInfo'/>
		<function name='SHGetFolderLocation'/>
		<function name='SHGetFolderPath'/>
		<function name='SHGetIconOverlayIndex'/>
		<function name='SHGetInstanceExplorer'/>
		<function name='SHGetMalloc'/>
		<function name='SHGetNewLinkInfo'/>
		<function name='SHGetPathFromIDList'/>
		<function name='SHGetRealIDL'/>
		<function name='SHGetSettings'/>
		<function name='SHGetSpecialFolderLocation'/>
		<function name='SHGetSpecialFolderPath'/>
		<function name='SHInvokePrinterCommand'/>
		<function name='SHIsFileAvailableOffline'/>
		<function name='SHLoadInProc'/>
		<function name='SHLoadNonloadedIconOverlayIdentifiers'/>
		<function name='SHPathPrepareForWrite'/>
		<function name='SHQueryRecycleBin'/>
		<function name='SHSetUnreadMailCount'/>
	</module>
	<module name='shlwapi'>
		<function name='PathAppend'/>
		<function name='PathCombine'/>
		<function name='PathCommonPrefix'/>
		<function name='PathCompactPath'/>
		<function name='PathCompactPathEx'/>
		<function name='PathFindNextComponent'/>
		<function name='PathIsSameRoot'/>
		<function name='PathMatchSpec'/>
		<function name='PathRelativePathTo'/>
		<function name='PathRemoveFileSpec'/>
		<function name='PathStripPath'/>
		<function name='PathUnExpandEnvStrings'/>
		<function name='SHAutoComplete'/>
	</module>
	<module name='structures'>
		<function name='BITMAPINFOHEADER'/>
		<function name='BROWSEINFO'/>
		<function name='CEOSVERSIONINFO'/>
		<function name='CERT_CONTEXT'/>
		<function name='CERT_INFO'/>
		<function name='CERT_PUBLIC_KEY_INFO'/>
		<function name='CMINVOKECOMMANDINFO'/>
		<function name='CMINVOKECOMMANDINFOEX'/>
		<function name='COLORREF'/>
		<function name='COMBOBOXINFO'/>
		<function name='COMPONENT'/>
		<function name='COMPONENTSOPT'/>
		<function name='COMPPOS'/>
		<function name='COMPSTATEINFO'/>
		<function name='CREDUI_INFO'/>
		<function name='CRYPTPROTECT_PROMPTSTRUCT'/>
		<function name='CRYPT_ALGORITHM_IDENTIFIER'/>
		<function name='CRYPT_BIT_BLOB'/>
		<function name='CRYPT_DECRYPT_MESSAGE_PARA'/>
		<function name='CRYPT_ENCRYPT_MESSAGE_PARA'/>
		<function name='CRYPT_OBJID_BLOB'/>
		<function name='CRYPT_VERIFY_MESSAGE_PARA'/>
		<function name='DATA_BLOB'/>
		<function name='DCB'/>
		<function name='DESKBANDINFO'/>
		<function name='DEVMODE'/>
		<function name='DISPLAY'/>
		<function name='DISPLAY_DEVICE'/>
		<function name='DOMAIN_CONTROLLER_INFO'/>
		<function name='DS_NAME_RESULT'/>
		<function name='DS_NAME_RESULT_ITEM'/>
		<function name='DTBGOPTS'/>
		<function name='EDITBALLOONTIP'/>
		<function name='ENUM_SERVICE_STATUS'/>
		<function name='EXPLICIT_ACCESS'/>
		<function name='FILETIME'/>
		<function name='FILE_INFO_3'/>
		<function name='FILTERREGION'/>
		<function name='FIXED'/>
		<function name='FORMATETC'/>
		<function name='FULLPROPSPEC'/>
		<function name='GLYPHMETRICS'/>
		<function name='GROUP_INFO_1'/>
		<function name='GuidClass'/>
		<function name='HARDWAREINPUT'/>
		<function name='ICMP_ECHO_REPLY'/>
		<function name='INPUT'/>
		<function name='INPUT_RECORD'/>
		<function name='INTLIST'/>
		<function name='IP_OPTION_INFORMATION'/>
		<function name='KBDLLHOOKSTRUCT'/>
		<function name='KERNINGPAIR'/>
		<function name='KEYBDINPUT'/>
		<function name='LASTINPUTINFO'/>
		<function name='LayoutKind'/>
		<function name='LOGFONT'/>
		<function name='LSA_OBJECT_ATTRIBUTES'/>
		<function name='LSA_UNICODE_STRING'/>
		<function name='LUID'/>
		<function name='LUID_AND_ATTRIBUTES'/>
		<function name='MAPI'/>
		<function name='MARGINS'/>
		<function name='MAT2'/>
		<function name='MEMORYSTATUS'/>
		<function name='MEMORYSTATUSEX'/>
		<function name='MIXERCONTROL'/>
		<function name='MIXERCONTROLDETAILS'/>
		<function name='MIXERCONTROLDETAILS_UNSIGNED'/>
		<function name='MIXERLINE'/>
		<function name='MIXERLINECONTROLS'/>
		<function name='MIXERLINETARGET'/>
		<function name='MOUSEHOOKSTRUCT'/>
		<function name='MOUSEINPUT'/>
		<function name='MSG'/>
		<function name='MULTI_QI'/>
		<function name='NETRESOURCE'/>
		<function name='NET_DISPLAY_USER'/>
		<function name='NMHDR'/>
		<function name='NOTIFYICONDATA'/>
		<function name='OSVERSIONINFO'/>
		<function name='OSVERSIONINFOEX'/>
		<function name='OUTLINETEXTMETRIC'/>
		<function name='OVERLAPPED'/>
		<function name='OVERLAPPED'/>
		<function name='PAGESETUPDLG_STRUCT'/>
		<function name='PAINTSTRUCT'/>
		<function name='PANOSE'/>
		<function name='POINT'/>
		<function name='POINTFX'/>
		<function name='PRINTER_DEFAULTS'/>
		<function name='PRINTER_INFO_2'/>
		<function name='PROCESS_INFORMATION'/>
		<function name='PROPSPEC'/>
		<function name='RAPIINIT'/>
		<function name='RASCONNSTATUS'/>
		<function name='RASDIALEXTENSIONS'/>
		<function name='RASDIALPARAMS'/>
		<function name='RASENTRYNAME'/>
		<function name='RASPPPIP'/>
		<function name='RAS_STATS'/>
		<function name='RECT'/>
		<function name='REPARSE_DATA_BUFFER'/>
		<function name='RGBQUAD'/>
		<function name='SCARD_IO_REQUEST'/>
		<function name='SCARD_READERSTATE'/>
		<function name='SCROLLINFO'/>
		<function name='ScsiPassThrough'/>
		<function name='ScsiPassThroughWithBuffers'/>
		<function name='SECURITY_ATTRIBUTES'/>
		<function name='SECURITY_DESCRIPTOR'/>
		<function name='SERVICE_STATUS'/>
		<function name='SetServiceStatus'/>
		<function name='SHARE_INFO_2'/>
		<function name='SHARE_INFO_502'/>
		<function name='SHChangeNotifyEntry'/>
		<function name='SHFILEINFO'/>
		<function name='SHFILEOPSTRUCT'/>
		<function name='SHNOTIFYSTRUCT'/>
		<function name='SHQUERYRBINFO'/>
		<function name='SID_IDENTIFIER_AUTHORITY'/>
		<function name='SIZE'/>
		<function name='SOLE_AUTHENTICATION_SERVICE'/>
		<function name='STARTUPINFO'/>
		<function name='STAT_CHUNK'/>
		<function name='STGMEDIUM'/>
		<function name='STRRET'/>
		<function name='SYSTEMTIME'/>
		<function name='SYSTEM_INFO'/>
		<function name='SYSTEM_POWER_STATUS'/>
		<function name='TEXTMETRIC'/>
		<function name='TIME_OF_DAY_INFO'/>
		<function name='TIME_ZONE_INFORMATION'/>
		<function name='TITLEBARINFO'/>
		<function name='TOKEN_PRIVILEGES'/>
		<function name='TRUSTEE'/>
		<function name='TTPOLYCURVEHEADER'/>
		<function name='TTPOLYGONHEADER'/>
		<function name='TV_ITEM'/>
		<function name='UnionBoundsSigned'/>
		<function name='UnionBoundsUnsigned'/>
		<function name='USE_INFO_2'/>
		<function name='VARIANTARG'/>
		<function name='WALLPAPEROPT'/>
		<function name='Win32Consts'/>
		<function name='WIN32_FIND_DATA'/>
		<function name='WINDOWINFO'/>
		<function name='WINDOWPLACEMENT'/>
		<function name='WINDOWPOS'/>
		<function name='WNDCLASSEX'/>
	</module>
	<module name='twain_32'>
		<function name='DSMparent'/>
		<function name='TwRC'/>
	</module>
	<module name='unicows'>
	</module>
	<module name='urlmon'>
		<function name='FindMimeFromData'/>
		<function name='URLDownloadToFile'/>
		<function name='URLDownloadToFile'/>
		<function name='URLOpenBlockingStream'/>
	</module>
	<module name='user32'>
		<function name='ActivateKeyboardLayout'/>
		<function name='AdjustWindowRect'/>
		<function name='AdjustWindowRectEx'/>
		<function name='AllowSetForegroundWindow'/>
		<function name='AnimateWindow'/>
		<function name='AnyPopup'/>
		<function name='AppendMenu'/>
		<function name='ArrangeIconicWindows'/>
		<function name='AttachThreadInput'/>
		<function name='BeginDeferWindowPos'/>
		<function name='BeginPaint'/>
		<function name='BlockInput'/>
		<function name='BringWindowToTop'/>
		<function name='BroadcastSystemMessage'/>
		<function name='CallBackPtr'/>
		<function name='CallMsgFilter'/>
		<function name='CallNextHookEx'/>
		<function name='CallWindowProc'/>
		<function name='CascadeWindows'/>
		<function name='ChangeClipboardChain'/>
		<function name='ChangeDisplaySettings'/>
		<function name='ChangeDisplaySettingsEx'/>
		<function name='CharLower'/>
		<function name='CharLowerBuff'/>
		<function name='CharNext'/>
		<function name='CharNextEx'/>
		<function name='CharPrev'/>
		<function name='CharPrevEx'/>
		<function name='CharToOem'/>
		<function name='CharToOemBuff'/>
		<function name='CharUpper'/>
		<function name='CharUpperBuff'/>
		<function name='CheckDlgButton'/>
		<function name='CheckMenuItem'/>
		<function name='CheckMenuRadioItem'/>
		<function name='CheckRadioButton'/>
		<function name='ChildWindowFromPoint'/>
		<function name='ChildWindowFromPointEx'/>
		<function name='ClientToScreen'/>
		<function name='ClipCursor'/>
		<function name='CloseClipboard'/>
		<function name='CloseDesktop'/>
		<function name='CloseWindow'/>
		<function name='CloseWindowStation'/>
		<function name='CopyAcceleratorTable'/>
		<function name='CopyIcon'/>
		<function name='CopyImage'/>
		<function name='CopyRect'/>
		<function name='CountClipboardFormats'/>
		<function name='CreateAcceleratorTable'/>
		<function name='CreateCaret'/>
		<function name='CreateCursor'/>
		<function name='CreateDesktop'/>
		<function name='CreateDialogIndirectParam'/>
		<function name='CreateDialogParam'/>
		<function name='CreateIcon'/>
		<function name='CreateIconFromResource'/>
		<function name='CreateIconFromResourceEx'/>
		<function name='CreateIconIndirect'/>
		<function name='CreateMDIWindow'/>
		<function name='CreateMenu'/>
		<function name='CreatePopupMenu'/>
		<function name='CreateWindowEx'/>
		<function name='CreateWindowStation'/>
		<function name='DdeAbandonTransaction'/>
		<function name='DdeAccessData'/>
		<function name='DdeAddData'/>
		<function name='DdeClientTransaction'/>
		<function name='DdeCmpStringHandles'/>
		<function name='DdeConnect'/>
		<function name='DdeConnectList'/>
		<function name='DdeCreateDataHandle'/>
		<function name='DdeCreateStringHandle'/>
		<function name='DdeDisconnect'/>
		<function name='DdeDisconnectList'/>
		<function name='DdeEnableCallback'/>
		<function name='DdeFreeDataHandle'/>
		<function name='DdeFreeStringHandle'/>
		<function name='DdeGetData'/>
		<function name='DdeGetLastError'/>
		<function name='DdeImpersonateClient'/>
		<function name='DdeInitialize'/>
		<function name='DdeKeepStringHandle'/>
		<function name='DdeNameService'/>
		<function name='DdePostAdvise'/>
		<function name='DdeQueryConvInfo'/>
		<function name='DdeQueryNextServer'/>
		<function name='DdeQueryString'/>
		<function name='DdeReconnect'/>
		<function name='DdeSetQualityOfService'/>
		<function name='DdeSetUserHandle'/>
		<function name='DdeUnaccessData'/>
		<function name='DdeUninitialize'/>
		<function name='DefDlgProc'/>
		<function name='DeferWindowPos'/>
		<function name='DefFrameProc'/>
		<function name='DefMDIChildProc'/>
		<function name='DefWindowProc'/>
		<function name='DeleteMenu'/>
		<function name='DestroyAcceleratorTable'/>
		<function name='DestroyCaret'/>
		<function name='DestroyCursor'/>
		<function name='DestroyIcon'/>
		<function name='DestroyMenu'/>
		<function name='DestroyWindow'/>
		<function name='DialogBoxIndirectParam'/>
		<function name='DialogBoxParam'/>
		<function name='DispatchMessage'/>
		<function name='DlgDirList'/>
		<function name='DlgDirListComboBox'/>
		<function name='DlgDirSelectComboBoxEx'/>
		<function name='DlgDirSelectEx'/>
		<function name='DragDetect'/>
		<function name='DrawAnimatedRects'/>
		<function name='DrawCaption'/>
		<function name='DrawEdge'/>
		<function name='DrawFocusRect'/>
		<function name='DrawFrameControl'/>
		<function name='DrawIcon'/>
		<function name='DrawIconEx'/>
		<function name='DrawMenuBar'/>
		<function name='DrawState'/>
		<function name='DrawText'/>
		<function name='DrawTextEx'/>
		<function name='EmptyClipboard'/>
		<function name='EnableMenuItem'/>
		<function name='EnableScrollBar'/>
		<function name='EnableWindow'/>
		<function name='EndDeferWindowPos'/>
		<function name='EndDialog'/>
		<function name='EndMenu'/>
		<function name='EndPaint'/>
		<function name='EnumChildWindows'/>
		<function name='EnumClipboardFormats'/>
		<function name='EnumDesktops'/>
		<function name='EnumDesktopWindows'/>
		<function name='EnumDisplayDevices'/>
		<function name='EnumDisplayMonitors'/>
		<function name='EnumDisplaySettings'/>
		<function name='EnumDisplaySettingsEx'/>
		<function name='EnumProps'/>
		<function name='EnumPropsEx'/>
		<function name='EnumReport'/>
		<function name='EnumThreadWindows'/>
		<function name='EnumWindows'/>
		<function name='EnumWindowStations'/>
		<function name='EqualRect'/>
		<function name='ExcludeUpdateRgn'/>
		<function name='ExitWindowsEx'/>
		<function name='FillRect'/>
		<function name='FindWindow'/>
		<function name='FindWindowEx'/>
		<function name='FlashWindow'/>
		<function name='FlashWindowEx'/>
		<function name='FrameRect'/>
		<function name='FreeDDElParam'/>
		<function name='GetActiveWindow'/>
		<function name='GetAltTabInfo'/>
		<function name='GetAncestor'/>
		<function name='GetAsyncKeyState'/>
		<function name='GetCapture'/>
		<function name='GetCaretBlinkTime'/>
		<function name='GetCaretPos'/>
		<function name='GetClassInfo'/>
		<function name='GetClassInfoEx'/>
		<function name='GetClassLong'/>
		<function name='GetClassLongPtr'/>
		<function name='GetClassName'/>
		<function name='GetClassWord'/>
		<function name='GetClientRect'/>
		<function name='GetClipboardData'/>
		<function name='GetClipboardFormatName'/>
		<function name='GetClipboardOwner'/>
		<function name='GetClipboardSequenceNumber'/>
		<function name='GetClipboardViewer'/>
		<function name='GetClipCursor'/>
		<function name='GetComboBoxInfo'/>
		<function name='GetCursor'/>
		<function name='GetCursorInfo'/>
		<function name='GetCursorPos'/>
		<function name='GetDC'/>
		<function name='GetDCEx'/>
		<function name='GetDesktopWindow'/>
		<function name='GetDialogBaseUnits'/>
		<function name='GetDlgCtrlID'/>
		<function name='GetDlgItem'/>
		<function name='GetDlgItemInt'/>
		<function name='GetDlgItemText'/>
		<function name='GetDoubleClickTime'/>
		<function name='GetFocus'/>
		<function name='GetForegroundWindow'/>
		<function name='GetGuiResources'/>
		<function name='GetGUIThreadInfo'/>
		<function name='GetIconInfo'/>
		<function name='GetInputState'/>
		<function name='GetKBCodePage'/>
		<function name='GetKeyboardLayout'/>
		<function name='GetKeyboardLayoutList'/>
		<function name='GetKeyboardLayoutName'/>
		<function name='GetKeyboardState'/>
		<function name='GetKeyboardType'/>
		<function name='GetKeyNameText'/>
		<function name='GetKeyState'/>
		<function name='GetLastActivePopup'/>
		<function name='GetLastInputInfo'/>
		<function name='GetListBoxInfo'/>
		<function name='GetMenu'/>
		<function name='GetMenuBarInfo'/>
		<function name='GetMenuCheckMarkDimensions'/>
		<function name='GetMenuContextHelpId'/>
		<function name='GetMenuDefaultItem'/>
		<function name='GetMenuInfo'/>
		<function name='GetMenuItemCount'/>
		<function name='GetMenuItemID'/>
		<function name='GetMenuItemInfo'/>
		<function name='GetMenuItemRect'/>
		<function name='GetMenuState'/>
		<function name='GetMenuString'/>
		<function name='GetMessage'/>
		<function name='GetMessageExtraInfo'/>
		<function name='GetMessagePos'/>
		<function name='GetMessageTime'/>
		<function name='GetMonitorInfo'/>
		<function name='GetMouseMovePointsEx'/>
		<function name='GetNextDlgGroupItem'/>
		<function name='GetNextDlgTabItem'/>
		<function name='GetOpenClipboardWindow'/>
		<function name='GetParent'/>
		<function name='GetPriorityClipboardFormat'/>
		<function name='GetProcessDefaultLayout'/>
		<function name='GetProcessWindowStation'/>
		<function name='GetProp'/>
		<function name='GetQueueStatus'/>
		<function name='GetScrollBarInfo'/>
		<function name='GetScrollInfo'/>
		<function name='GetScrollPos'/>
		<function name='GetScrollRange'/>
		<function name='GetSubMenu'/>
		<function name='GetSysColor'/>
		<function name='GetSysColorBrush'/>
		<function name='GetSystemMenu'/>
		<function name='GetSystemMetrics'/>
		<function name='GetTabbedTextExtent'/>
		<function name='GetThreadDesktop'/>
		<function name='GetTitleBarInfo'/>
		<function name='GetTopWindow'/>
		<function name='GetUpdateRect'/>
		<function name='GetUpdateRgn'/>
		<function name='GetUserObjectInformation'/>
		<function name='GetUserObjectSecurity'/>
		<function name='GetWindow'/>
		<function name='GetWindowContextHelpId'/>
		<function name='GetWindowDC'/>
		<function name='GetWindowInfo'/>
		<function name='GetWindowLong'/>
		<function name='GetWindowLongPtr'/>
		<function name='GetWindowModuleFileName'/>
		<function name='GetWindowPlacement'/>
		<function name='GetWindowRect'/>
		<function name='GetWindowRgn'/>
		<function name='GetWindowText'/>
		<function name='GetWindowTextLength'/>
		<function name='GetWindowThreadProcessId'/>
		<function name='GrayString'/>
		<function name='HideCaret'/>
		<function name='HiliteMenuItem'/>
		<function name='ImpersonateDdeClientWindow'/>
		<function name='InflateRect'/>
		<function name='InSendMessage'/>
		<function name='InSendMessageEx'/>
		<function name='InsertMenu'/>
		<function name='InsertMenuItem'/>
		<function name='IntersectRect'/>
		<function name='InvalidateRect'/>
		<function name='InvalidateRgn'/>
		<function name='InvertRect'/>
		<function name='IsCharAlpha'/>
		<function name='IsCharAlphaNumeric'/>
		<function name='IsCharLower'/>
		<function name='IsCharUpper'/>
		<function name='IsChild'/>
		<function name='IsClipboardFormatAvailable'/>
		<function name='IsDialogMessage'/>
		<function name='IsDlgButtonChecked'/>
		<function name='IsIconic'/>
		<function name='IsMenu'/>
		<function name='IsRectEmpty'/>
		<function name='IsWindow'/>
		<function name='IsWindowEnabled'/>
		<function name='IsWindowUnicode'/>
		<function name='IsWindowVisible'/>
		<function name='IsZoomed'/>
		<function name='keybd_event'/>
		<function name='KillTimer'/>
		<function name='LoadAccelerators'/>
		<function name='LoadBitmap'/>
		<function name='LoadCursor'/>
		<function name='LoadCursorFromFile'/>
		<function name='LoadIcon'/>
		<function name='LoadImage'/>
		<function name='LoadKeyboardLayout'/>
		<function name='LoadMenu'/>
		<function name='LoadMenuIndirect'/>
		<function name='LoadString'/>
		<function name='LockSetForegroundWindow'/>
		<function name='LockWindowUpdate'/>
		<function name='LockWorkStation'/>
		<function name='LookupIconIdFromDirectory'/>
		<function name='LookupIconIdFromDirectoryEx'/>
		<function name='MapDialogRect'/>
		<function name='MapVirtualKey'/>
		<function name='MapVirtualKeyEx'/>
		<function name='MapWindowPoints'/>
		<function name='MENUINFO'/>
		<function name='MenuItemFromPoint'/>
		<function name='MessageBeep'/>
		<function name='MessageBox'/>
		<function name='MessageBoxEx'/>
		<function name='MessageBoxIndirect'/>
		<function name='ModifyMenu'/>
		<function name='MonitorFromPoint'/>
		<function name='MonitorFromRect'/>
		<function name='MonitorFromWindow'/>
		<function name='mouse_event'/>
		<function name='MoveWindow'/>
		<function name='MsgWaitForMultipleObjects'/>
		<function name='MsgWaitForMultipleObjectsEx'/>
		<function name='NotifyWinEvent'/>
		<function name='OemKeyScan'/>
		<function name='OemToChar'/>
		<function name='OemToCharBuff'/>
		<function name='OffsetRect'/>
		<function name='OpenClipboard'/>
		<function name='OpenDesktop'/>
		<function name='OpenIcon'/>
		<function name='OpenInputDesktop'/>
		<function name='OpenWindowStation'/>
		<function name='PackDDElParam'/>
		<function name='PaintDesktop'/>
		<function name='PeekMessage'/>
		<function name='PostMessage'/>
		<function name='PostQuitMessage'/>
		<function name='PostThreadMessage'/>
		<function name='PrintWindow'/>
		<function name='PtInRect'/>
		<function name='RealChildWindowFromPoint'/>
		<function name='RealGetWindowClass'/>
		<function name='RedrawWindow'/>
		<function name='RegisterClass'/>
		<function name='RegisterClassEx'/>
		<function name='RegisterClipboardFormat'/>
		<function name='RegisterDeviceNotification'/>
		<function name='RegisterHotKey'/>
		<function name='RegisterWindowMessage'/>
		<function name='ReleaseCapture'/>
		<function name='ReleaseDC'/>
		<function name='RemoveMenu'/>
		<function name='RemoveProp'/>
		<function name='ReplyMessage'/>
		<function name='ReuseDDElParam'/>
		<function name='ScreenToClient'/>
		<function name='ScrollDC'/>
		<function name='ScrollWindow'/>
		<function name='ScrollWindowEx'/>
		<function name='SendDlgItemMessage'/>
		<function name='SendInput'/>
		<function name='SendMessage'/>
		<function name='SendMessageCallback'/>
		<function name='SendMessageTimeout'/>
		<function name='SendNotifyMessage'/>
		<function name='SetActiveWindow'/>
		<function name='SetCapture'/>
		<function name='SetCaretBlinkTime'/>
		<function name='SetCaretPos'/>
		<function name='SetClassLong'/>
		<function name='SetClassLongPtr'/>
		<function name='SetClassWord'/>
		<function name='SetClipboardData'/>
		<function name='SetClipboardViewer'/>
		<function name='SetCursor'/>
		<function name='SetCursorPos'/>
		<function name='SetDlgItemInt'/>
		<function name='SetDlgItemText'/>
		<function name='SetDoubleClickTime'/>
		<function name='SetFocus'/>
		<function name='SetForegroundWindow'/>
		<function name='SetKeyboardState'/>
		<function name='SetLastErrorEx'/>
		<function name='SetLayeredWindowAttributes'/>
		<function name='SetMenu'/>
		<function name='SetMenuContextHelpId'/>
		<function name='SetMenuDefaultItem'/>
		<function name='SetMenuInfo'/>
		<function name='SetMenuItemBitmaps'/>
		<function name='SetMenuItemInfo'/>
		<function name='SetMessageExtraInfo'/>
		<function name='SetParent'/>
		<function name='SetProcessDefaultLayout'/>
		<function name='SetProcessWindowStation'/>
		<function name='SetProp'/>
		<function name='SetRect'/>
		<function name='SetRectEmpty'/>
		<function name='SetScrollInfo'/>
		<function name='SetScrollPos'/>
		<function name='SetScrollRange'/>
		<function name='SetSysColors'/>
		<function name='SetSystemCursor'/>
		<function name='SetThreadDesktop'/>
		<function name='SetTimer'/>
		<function name='SetUserObjectInformation'/>
		<function name='SetUserObjectSecurity'/>
		<function name='SetWindowContextHelpId'/>
		<function name='SetWindowLong'/>
		<function name='SetWindowPlacement'/>
		<function name='SetWindowPos'/>
		<function name='SetWindowRgn'/>
		<function name='SetWindowsHookEx'/>
		<function name='SetWindowText'/>
		<function name='SetWinEventHook'/>
		<function name='ShowCaret'/>
		<function name='ShowCursor'/>
		<function name='ShowOwnedPopups'/>
		<function name='ShowScrollBar'/>
		<function name='ShowWindow'/>
		<function name='ShowWindowAsync'/>
		<function name='sounds'/>
		<function name='SubtractRect'/>
		<function name='SwapMouseButton'/>
		<function name='SwitchDesktop'/>
		<function name='SwitchToThisWindow'/>
		<function name='SystemIcons'/>
		<function name='SystemParametersInfo'/>
		<function name='TabbedTextOut'/>
		<function name='TileWindows'/>
		<function name='ToAscii'/>
		<function name='ToAsciiEx'/>
		<function name='ToUnicode'/>
		<function name='ToUnicodeEx'/>
		<function name='TrackMouseEvent'/>
		<function name='TrackPopupMenu'/>
		<function name='TrackPopupMenuEx'/>
		<function name='TranslateAccelerator'/>
		<function name='TranslateMDISysAccel'/>
		<function name='TranslateMessage'/>
		<function name='UIntrPtr'/>
		<function name='UnhookWindowsHookEx'/>
		<function name='UnhookWinEvent'/>
		<function name='UnionRect'/>
		<function name='UnloadKeyboardLayout'/>
		<function name='UnpackDDElParam'/>
		<function name='UnregisterClass'/>
		<function name='UnregisterDeviceNotification'/>
		<function name='UnregisterHotKey'/>
		<function name='UpdateLayeredWindow'/>
		<function name='UpdateWindow'/>
		<function name='UserHandleGrantAccess'/>
		<function name='ValidateRect'/>
		<function name='ValidateRgn'/>
		<function name='VirtualKeyCodes'/>
		<function name='VkKeyScan'/>
		<function name='VkKeyScanEx'/>
		<function name='WaitForInputIdle'/>
		<function name='WaitMessage'/>
		<function name='WindowFromDC'/>
		<function name='WindowFromPoint'/>
		<function name='WinHelp'/>
		<function name='WndProcDelegate'/>
		<function name='wsprintf'/>
	</module>
	<module name='uxtheme'>
		<function name='CloseThemeData'/>
		<function name='DrawThemeBackground'/>
		<function name='DrawThemeBackgroundEx'/>
		<function name='DrawThemeEdge'/>
		<function name='DrawThemeIcon'/>
		<function name='DrawThemeParentBackground'/>
		<function name='DrawThemeText'/>
		<function name='EnableThemeDialogTexture'/>
		<function name='EnableTheming'/>
		<function name='GetCurrentThemeName'/>
		<function name='GetThemeAppProperties'/>
		<function name='GetThemeBackgroundContentRect'/>
		<function name='GetThemeBackgroundExtent'/>
		<function name='GetThemeBackgroundRegion'/>
		<function name='GetThemeBool'/>
		<function name='GetThemeColor'/>
		<function name='GetThemeDocumentationProperty'/>
		<function name='GetThemeEnumValue'/>
		<function name='GetThemeFilename'/>
		<function name='GetThemeFont'/>
		<function name='GetThemeInt'/>
		<function name='GetThemeIntList'/>
		<function name='GetThemeMargins'/>
		<function name='GetThemeMetric'/>
		<function name='GetThemePartSize'/>
		<function name='GetThemePosition'/>
		<function name='GetThemePropertyOrigin'/>
		<function name='GetThemeRect'/>
		<function name='GetThemeString'/>
		<function name='GetThemeSysBool'/>
		<function name='GetThemeSysBrush'/>
		<function name='GetThemeSysColor'/>
		<function name='GetThemeSysFont'/>
		<function name='GetThemeSysInt'/>
		<function name='GetThemeSysSize'/>
		<function name='GetThemeSysString'/>
		<function name='GetThemeTextExtent'/>
		<function name='GetThemeTextMetrics'/>
		<function name='GetWindowTheme'/>
		<function name='HitTestThemeBackground'/>
		<function name='IsAppThemed'/>
		<function name='IsThemeActive'/>
		<function name='IsThemeBackgroundPartiallyTransparent'/>
		<function name='IsThemeDialogTextureEnabled'/>
		<function name='IsThemePartDefined'/>
		<function name='OpenThemeData'/>
		<function name='SetThemeAppProperties'/>
		<function name='SetWindowTheme'/>
	</module>
	<module name='winfax'>
		<function name='FaxAbort'/>
		<function name='FaxAccessCheck'/>
		<function name='FaxClose'/>
		<function name='FaxCompleteJobParams'/>
		<function name='FaxConnectFaxServer'/>
		<function name='FaxEnableRoutingMethod'/>
		<function name='FaxEnumGlobalRoutingInfo'/>
		<function name='FaxEnumJobs'/>
		<function name='FaxEnumPorts'/>
		<function name='FaxEnumRoutingMethods'/>
		<function name='FaxFreeBuffer'/>
		<function name='FaxGetConfiguration'/>
		<function name='FaxGetDeviceStatus'/>
		<function name='FaxGetJob'/>
		<function name='FaxGetLoggingCategories'/>
		<function name='FaxGetPageData'/>
		<function name='FaxGetPort'/>
		<function name='FaxGetRoutingInfo'/>
		<function name='FaxInitializeEventQueue'/>
		<function name='FaxOpenPort'/>
		<function name='FaxPrintCoverPage'/>
		<function name='FaxSendDocument'/>
		<function name='FaxSendDocumentForBroadcast'/>
		<function name='FaxSetConfiguration'/>
		<function name='FaxSetGlobalRoutingInfo'/>
		<function name='FaxSetJob'/>
		<function name='FaxSetLoggingCategories'/>
		<function name='FaxSetPort'/>
		<function name='FaxSetRoutingInfo'/>
		<function name='FaxStartPrintJob'/>
	</module>
	<module name='wininet'>
		<function name='InternetQueryOption'/>
		<function name='InternetQueryOption'/>
		<function name='FindFirstUrlCacheEntry'/>
		<function name='FtpPutFile'/>
		<function name='FtpSetCurrentDirectory'/>
		<function name='InternetAttemptConnect'/>
		<function name='InternetAutoDial'/>
		<function name='InternetAutoDialHangup'/>
		<function name='InternetCloseHandle'/>
		<function name='InternetConnect'/>
		<function name='InternetDial'/>
		<function name='InternetGetConnectedState'/>
		<function name='InternetGetCookie'/>
		<function name='InternetHangUp'/>
		<function name='InternetOpen'/>
		<function name='InternetQueryOption'/>
	</module>
	<module name='winmm'>
		<function name='mciGetErrorString'/>
		<function name='mciSendString'/>
		<function name='mixerClose'/>
		<function name='mixerGetControlDetails'/>
		<function name='mixerGetLineControls'/>
		<function name='mixerGetLineInfo'/>
		<function name='mixerGetNumDevs'/>
		<function name='mixerGetNumDevs'/>
		<function name='mixerOpen'/>
		<function name='mixerSetControlDetails'/>
		<function name='PlaySound'/>
	</module>
	<module name='winscard'>
		<function name='SCardBeginTransaction'/>
		<function name='SCardConnect'/>
		<function name='SCardDisconnect'/>
		<function name='SCardEndTransaction'/>
		<function name='SCardEstablishContext'/>
		<function name='SCardFreeMemory'/>
		<function name='SCardGetStatusChange'/>
		<function name='SCardListReaders'/>
		<function name='SCardReleaseContext'/>
		<function name='SCardStatus'/>
		<function name='SCardTransmit'/>
	</module>
	<module name='winspool'>
		<function name='ClosePrinter'/>
		<function name='DRIVER_INFO_1'/>
		<function name='EnumPrinters'/>
		<function name='GetPrinter'/>
		<function name='GetPrinterData'/>
		<function name='GetPrinterDriver'/>
		<function name='OpenPrinter'/>
		<function name='SetDefaultPrinter'/>
		<function name='SetJob'/>
		<function name='SetPrinterData'/>
	</module>
	<module name='ws2_32'>
	</module>
	<module name='wtsapi32'>
		<function name='WTSCloseServer'/>
		<function name='WTSDisconnectSession'/>
		<function name='WTSEnumerateSessions'/>
		<function name='WTSFreeMemory'/>
		<function name='WTSLogoffSession'/>
		<function name='WTSOpenServer'/>
		<function name='WTSQuerySessionInformation'/>
		<function name='WTS_INFO_CLASS'/>
	</module>
	<module name='xolehlp'>
		<function name='DtcGetTransactionManager'/>
	</module>
</config>
