﻿<Properties>
  <Array name="bookmarks">
    <Element value="Breakpoint|I:\Data\mpFormulaTDM\mpFormulaXL\Source\MpMath\TestFormulaXLClassLib\TestMpFormula.vb|19|9|True|Break||" />
  </Array>
  <Array name="files">
    <Element value="I:\Data\mpFormulaTDM\mpFormulaXL\Source\MpMath\TestFormulaXLClassLib\TestMpFormula.vb" />
  </Array>
  <Properties name="projectSavedData">
    <Properties name="customTool">
      <runOnBuild value="False" />
    </Properties>
  </Properties>
</Properties>