<Chart Size="360, 260">
  <Series>
    <Series Name="Series1" ChartArea="ChartArea1">
      <Points>
        <DataPoint YValues="34" />
        <DataPoint YValues="24" />
        <DataPoint YValues="32" />
        <DataPoint YValues="28" />
        <DataPoint YValues="44" />
      </Points>
    </Series>
    <Series Name="Series2" ChartArea="ChartArea1">
      <Points>
        <DataPoint YValues="14" />
        <DataPoint YValues="44" />
        <DataPoint YValues="24" />
        <DataPoint YValues="32" />
        <DataPoint YValues="28" />
      </Points>
    </Series>
  </Series>
  <ChartAreas>
    <ChartArea Name="ChartArea1">
    </ChartArea>
  </ChartAreas>
</Chart>
