﻿<Properties>
  <Properties name="1e13ec5:11201316\GENERATED.CS">
    <CaretOffset value="18853" />
    <ScrollPositionY value="12443" />
  </Properties>
  <Properties name="1e13ec5:13567247\GENERATED.CS">
    <CaretOffset value="17459" />
    <ScrollPositionY value="0" />
  </Properties>
  <Properties name="1e13ec5:15759337\GENERATED.CS">
    <CaretOffset value="7798" />
    <ScrollPositionY value="4118" />
  </Properties>
  <Properties name="1e13ec5:16983047\GENERATED.CS">
    <CaretOffset value="3889" />
    <ScrollPositionY value="1688" />
  </Properties>
  <Properties name="1e13ec5:19320103\GENERATED.CS">
    <CaretOffset value="17539" />
    <ScrollPositionY value="11978" />
  </Properties>
  <Properties name="1e13ec5:2167972\GENERATED.PY">
    <CaretOffset value="0" />
    <ScrollPositionY value="0" />
  </Properties>
  <Properties name="1e13ec5:2442157\GENERATED.CS">
    <CaretOffset value="6187" />
    <ScrollPositionY value="3105" />
  </Properties>
  <Properties name="1e13ec5:26432951\GENERATED.PY">
    <CaretOffset value="0" />
    <ScrollPositionY value="3420" />
  </Properties>
  <Properties name="1e13ec5:27180396\GENERATED.CS">
    <CaretOffset value="8587" />
    <ScrollPositionY value="4553" />
  </Properties>
  <Properties name="1e13ec5:31128729\GENERATED.CS">
    <CaretOffset value="7725" />
    <ScrollPositionY value="4246.7194570135762" />
  </Properties>
  <Properties name="1e13ec5:31279202\GENERATED.PY">
    <CaretOffset value="0" />
    <ScrollPositionY value="0" />
  </Properties>
  <Properties name="1e13ec5:3349762\GENERATED.CS">
    <CaretOffset value="0" />
    <ScrollPositionY value="4283" />
  </Properties>
  <Properties name="1e13ec5:41321380\GENERATED.CS">
    <CaretOffset value="415" />
    <ScrollPositionY value="4409.1990950226254" />
  </Properties>
  <Properties name="1e13ec5:46120711\GENERATED.PY">
    <CaretOffset value="15667" />
    <ScrollPositionY value="7058" />
  </Properties>
  <Properties name="1e13ec5:4681502\GENERATED.VB">
    <CaretOffset value="1301" />
    <ScrollPositionY value="315" />
  </Properties>
  <Properties name="1e13ec5:53712618\GENERATED.CS">
    <CaretOffset value="185" />
    <ScrollPositionY value="0" />
  </Properties>
  <Properties name="1e13ec5:55679644\GENERATED.CS">
    <CaretOffset value="4016" />
    <ScrollPositionY value="1778" />
  </Properties>
  <Properties name="1e13ec5:55976614\GENERATED.PY">
    <CaretOffset value="1660" />
    <ScrollPositionY value="779.86425339366474" />
  </Properties>
  <Properties name="1e13ec5:61572692\GENERATED.PY">
    <CaretOffset value="938" />
    <ScrollPositionY value="0" />
  </Properties>
  <Properties name="1e13ec5:61836832\GENERATED.CS">
    <CaretOffset value="7724" />
    <ScrollPositionY value="4103" />
  </Properties>
  <Properties name="1e13ec5:6572818\GENERATED.CS">
    <CaretOffset value="8127" />
    <ScrollPositionY value="4553" />
  </Properties>
  <Properties name="1e13ec5:C:\EXTRA\MPFORMULATDM\MPFORMULAPY\SOURCE\MPFORMULATOOLBOX\FILEVIEWER\MAINFORM.VB">
    <CaretOffset value="0" />
    <ScrollPositionY value="0" />
  </Properties>
  <Properties name="1e13ec5:C:\EXTRA\MPFORMULATDM\MPFORMULAPY\SOURCE\MPFORMULATOOLBOX\FILEVIEWER\PROGRAM.VB">
    <CaretOffset value="0" />
    <ScrollPositionY value="0" />
  </Properties>
  <Properties name="1e13ec5:C:\EXTRA\MPFORMULATDM\MPFORMULAPY\SOURCE\MPFORMULATOOLBOX\FUNCTIONNAVIGATOR\FUNCTIONSFORM.VB">
    <CaretOffset value="7814" />
    <ScrollPositionY value="3714" />
  </Properties>
  <Properties name="1e13ec5:C:\EXTRA\MPFORMULATDM\MPFORMULAPY\SOURCE\MPFORMULATOOLBOX\FUNCTIONNAVIGATOR\PROGRAM.VB">
    <CaretOffset value="0" />
    <ScrollPositionY value="0" />
  </Properties>
  <Properties name="1e13ec5:C:\EXTRA\MPFORMULATDM\MPFORMULAPY\SOURCE\MPFORMULATOOLBOX\STARTNUMEXP\MAINFORM.CS">
    <CaretOffset value="388" />
    <ScrollPositionY value="0" />
  </Properties>
  <Properties name="1e13ec5:C:\EXTRA\MPFORMULATDM\MPFORMULAPY\SOURCE\MPFORMULATOOLBOX\STARTNUMEXP\MAINFORM.DESIGNER.CS">
    <CaretOffset value="851" />
    <ScrollPositionY value="289.5" />
  </Properties>
  <Properties name="1e13ec5:C:\EXTRA\MPFORMULATDM\MPFORMULAPY\SOURCE\MPFORMULATOOLBOX\TESTACRO\CLSWINDOWMESSAGING.CS">
    <CaretOffset value="806" />
    <ScrollPositionY value="205" />
  </Properties>
  <Properties name="1e13ec5:C:\EXTRA\MPFORMULATDM\MPFORMULAPY\SOURCE\MPFORMULATOOLBOX\TESTACRO\MAINFORM.CS">
    <CaretOffset value="492" />
    <ScrollPositionY value="289.5" />
  </Properties>
  <Properties name="1e13ec5:C:\EXTRA\MPFORMULATDM\MPFORMULAPY\SOURCE\MPFORMULATOOLBOX\TESTACRO\PROGRAM.CS">
    <CaretOffset value="0" />
    <ScrollPositionY value="0" />
  </Properties>
  <Properties name="1e13ec5:C:\EXTRA\MPFORMULATDM\MPFORMULAPY\SOURCE\MPMATH\MPFORMULAONECOM\LIBRARY.VB">
    <CaretOffset value="10993" />
    <ScrollPositionY value="6859" />
  </Properties>
  <Properties name="1e13ec5:C:\EXTRA\MPFORMULATDM\MPFORMULAPY\SOURCE\MPMATH\MPFORMULAXLCLASSLIB\MPFORMULACLASS.VB">
    <CaretOffset value="10875" />
    <ScrollPositionY value="6904" />
  </Properties>
  <Properties name="1e13ec5:C:\EXTRA\MPFORMULATDM\MPFORMULAPY\SOURCE\MPMATH\MPMATHCLIENTDLL\MPMATHCLIENTDLLPROGRAM.VB">
    <CaretOffset value="13765" />
    <ScrollPositionY value="5093" />
  </Properties>
  <Properties name="1e13ec5:C:\EXTRA\MPFORMULATDM\MPFORMULAPY\SOURCE\MPMATH\MPMATHCLIENT\CALLMPMATHPROGRAM.VB">
    <CaretOffset value="212" />
    <ScrollPositionY value="0" />
  </Properties>
  <Properties name="1e13ec5:C:\EXTRA\MPFORMULATDM\MPFORMULAPY\SOURCE\MPMATH\MPMATHNETLIB\MPMATHCLASS.VB">
    <CaretOffset value="33836" />
    <ScrollPositionY value="11449" />
  </Properties>
  <Properties name="1e13ec5:C:\EXTRA\MPFORMULATDM\MPFORMULAPY\SOURCE\MPMATH\MPMATHSERVER\MPMATHSERVERPROGRAM.VB">
    <CaretOffset value="4273" />
    <ScrollPositionY value="994.17647058823445" />
  </Properties>
  <Properties name="1e13ec5:C:\EXTRA\MPFORMULATDM\MPFORMULAPY\SOURCE\MPMATH\TESTFORMULAONECOM\PROGRAM.VB">
    <CaretOffset value="305" />
    <ScrollPositionY value="0" />
  </Properties>
  <Properties name="1e13ec5:C:\EXTRA\MPFORMULATDM\MPFORMULAPY\SOURCE\MPMATH\TESTFORMULAXLCLASSLIB\TESTMPFORMULA.VB">
    <CaretOffset value="0" />
    <ScrollPositionY value="0" />
  </Properties>
  <Properties name="1e13ec5:C:\EXTRA\MPFORMULATDM\MPFORMULAPY\SOURCE\MPMATH\TESTMPMATH\TESTMPMATH.VB">
    <CaretOffset value="89" />
    <ScrollPositionY value="0" />
  </Properties>
  <Properties name="1e13ec5:C:\EXTRA\MPFORMULATDM\MPFORMULAPY\SOURCE\MSOFFICE\EXCELDNA\FUNCTIONFORM.DESIGNER.VB">
    <CaretOffset value="0" />
    <ScrollPositionY value="0" />
  </Properties>
  <Properties name="1e13ec5:C:\EXTRA\MPFORMULATDM\MPFORMULAPY\SOURCE\MSOFFICE\EXCELDNA\FUNCTIONSFORM.VB">
    <CaretOffset value="6058" />
    <ScrollPositionY value="3084" />
  </Properties>
  <Properties name="1e13ec5:C:\EXTRA\MPFORMULATDM\MPFORMULAPY\SOURCE\MSOFFICE\EXCELDNA\MAINFORM.VB">
    <CaretOffset value="192" />
    <ScrollPositionY value="0" />
  </Properties>
  <Properties name="1e13ec5:C:\EXTRA\MPFORMULATDM\MPFORMULAPY\SOURCE\MSOFFICE\TESTMPFORMULA\PROGRAM.VB">
    <CaretOffset value="325" />
    <ScrollPositionY value="0" />
  </Properties>
  <Properties name="1e13ec5:C:\EXTRA\MPFORMULATDM\MPFORMULAXL\MPNUM\ADDINS\BACKENDBINDINGS\PYTHONBINDING\LIB\MPMATH\CTX_IV.PY">
    <CaretOffset value="10743" />
    <ScrollPositionY value="4313" />
  </Properties>
  <Properties name="1e13ec5:C:\EXTRA\MPFORMULATDM\MPFORMULAXL\MPNUM\ADDINS\BACKENDBINDINGS\PYTHONBINDING\LIB\MPMATH\CTX_MP.PY">
    <CaretOffset value="48836" />
    <ScrollPositionY value="19148" />
  </Properties>
  <Properties name="1e13ec5:C:\EXTRA\MPFORMULATDM\MPFORMULAXL\MPNUM\ADDINS\BACKENDBINDINGS\PYTHONBINDING\LIB\MPMATH\LIBMP\LIBMPI.PY">
    <CaretOffset value="16996" />
    <ScrollPositionY value="8063" />
  </Properties>
  <Properties name="1e13ec5:C:\EXTRA\MPFORMULATDM\MPFORMULAXL\SOURCE\DISTRIBUTIONS\DISTRIBUTIONSCSHARP\DIST.CS">
    <CaretOffset value="385" />
    <ScrollPositionY value="0" />
  </Properties>
  <Properties name="1e13ec5:C:\EXTRA\MPFORMULATDM\MPFORMULAXL\SOURCE\DISTRIBUTIONS\DISTRIBUTIONSCSHARP\DISTX.CS">
    <CaretOffset value="5666" />
    <ScrollPositionY value="3758.0542986425389" />
  </Properties>
  <Properties name="1e13ec5:C:\EXTRA\MPFORMULATDM\MPFORMULAXL\SOURCE\DISTRIBUTIONS\DISTRIBUTIONSCSHARP\PROGRAM.CS">
    <CaretOffset value="0" />
    <ScrollPositionY value="0" />
  </Properties>
  <Properties name="1e13ec5:C:\EXTRA\MPFORMULATDM\MPFORMULAXL\SOURCE\DISTRIBUTIONS\DISTRIBUTIONSPYTHON\PROGRAM.PY">
    <CaretOffset value="10055" />
    <ScrollPositionY value="5559" />
  </Properties>
  <Properties name="1e13ec5:C:\EXTRA\MPFORMULATDM\MPFORMULAXL\SOURCE\DISTRIBUTIONS\DISTRIBUTIONS\DIST.VB">
    <CaretOffset value="17883" />
    <ScrollPositionY value="0" />
  </Properties>
  <Properties name="1e13ec5:C:\EXTRA\MPFORMULATDM\MPFORMULAXL\SOURCE\DISTRIBUTIONS\DISTRIBUTIONS\DISTX.VB">
    <CaretOffset value="8253" />
    <ScrollPositionY value="3533" />
  </Properties>
  <Properties name="1e13ec5:C:\EXTRA\MPFORMULATDM\MPFORMULAXL\SOURCE\DISTRIBUTIONS\DISTRIBUTIONS\PROGRAM.VB">
    <CaretOffset value="17062" />
    <ScrollPositionY value="9608" />
  </Properties>
  <Properties name="1e13ec5:C:\EXTRA\MPFORMULATDM\MPFORMULAXL\SOURCE\MPFORMULATOOLBOX\CALCULATORDLG\CALCULATORFORM.VB">
    <CaretOffset value="4538" />
    <ScrollPositionY value="2134.5" />
  </Properties>
  <Properties name="1e13ec5:C:\EXTRA\MPFORMULATDM\MPFORMULAXL\SOURCE\MPFORMULATOOLBOX\CALCULATORDLG\PROGRAM.VB">
    <CaretOffset value="0" />
    <ScrollPositionY value="0" />
  </Properties>
  <Properties name="1e13ec5:C:\EXTRA\MPFORMULATDM\MPFORMULAXL\SOURCE\MPFORMULATOOLBOX\MPFORMULATOOLBOX\MAINFORM.VB">
    <CaretOffset value="168" />
    <ScrollPositionY value="0" />
  </Properties>
  <Properties name="1e13ec5:C:\EXTRA\MPFORMULATDM\MPFORMULAXL\SOURCE\MPFORMULATOOLBOX\MPFORMULATOOLBOX\PROGRAM.VB">
    <CaretOffset value="168" />
    <ScrollPositionY value="0" />
  </Properties>
  <Properties name="1e13ec5:C:\EXTRA\MPFORMULATDM\MPFORMULAXL\SOURCE\MPMATH\MPFORMULAXLCLASSLIB\MPFORMULACLASS.VB">
    <CaretOffset value="42438" />
    <ScrollPositionY value="26398.212669683238" />
  </Properties>
  <Properties name="1e13ec5:C:\EXTRA\MPFORMULATDM\MPFORMULAXL\SOURCE\MPMATH\TESTFORMULAXLCLASSLIB\TESTMPFORMULA.VB">
    <CaretOffset value="109" />
    <ScrollPositionY value="0" />
  </Properties>
  <Properties name="1e13ec5:E:\EXTRA\MPFORMULATDM\MPFORMULAXL\SAMPLE DATA\EMBEDDEDSTYLESHORT.HTML">
    <CaretOffset value="968" />
    <ScrollPositionY value="0" />
  </Properties>
  <Properties name="1e13ec5:E:\EXTRA\MPFORMULATDM\MPFORMULAXL\SOURCE\CUSTOMTOOL1\CUSTOMTOOL1\ADDINWRITINGHELP.TXT">
    <CaretOffset value="205" />
    <ScrollPositionY value="0" />
  </Properties>
  <Properties name="1e13ec5:E:\EXTRA\MPFORMULATDM\MPFORMULAXL\SOURCE\CUSTOMTOOL1\CUSTOMTOOL1\CUSTOMTOOL1.ADDIN">
    <CaretOffset value="0" />
    <ScrollPositionY value="0" />
  </Properties>
  <Properties name="1e13ec5:E:\EXTRA\MPFORMULATDM\MPFORMULAXL\SOURCE\CUSTOMTOOL1\CUSTOMTOOL1\CUSTOMTOOL1TOOL.CS">
    <CaretOffset value="4078" />
    <ScrollPositionY value="990" />
  </Properties>
  <Properties name="1e13ec5:E:\EXTRA\MPFORMULATDM\MPFORMULAXL\SOURCE\CUSTOMTOOL1\CUSTOMTOOL1\FILETEMPLATE.XFT">
    <CaretOffset value="0" />
    <ScrollPositionY value="0" />
  </Properties>
  <Properties name="1e13ec5:E:\EXTRA\MPFORMULATDM\MPFORMULAXL\SOURCE\MPFORMULATOOLBOX\FILEVIEWER\MAINFORM.VB">
    <CaretOffset value="12075" />
    <ScrollPositionY value="6477.3417721518954" />
  </Properties>
  <Properties name="1e13ec5:E:\EXTRA\MPFORMULATDM\MPFORMULAXL\SOURCE\MPFORMULATOOLBOX\WPFINWINFORMS\PROGRAM.CS">
    <CaretOffset value="0" />
    <ScrollPositionY value="0" />
  </Properties>
  <Properties name="1e13ec5:E:\EXTRA\MPFORMULATDM\MPFORMULAXL\SOURCE\MPMATH\MPMATHCLIENT\CALLMPMATHPROGRAM.VB">
    <CaretOffset value="715" />
    <ScrollPositionY value="0" />
  </Properties>
  <Properties name="1e13ec5:E:\EXTRA\MPFORMULATDM\MPFORMULAXL\SOURCE\MPMATH\MPMATHNETLIB\MPMATHCLASS.VB">
    <CaretOffset value="605" />
    <ScrollPositionY value="0" />
  </Properties>
  <Properties name="1e13ec5:E:\EXTRA\MPFORMULATDM\MPFORMULAXL\SOURCE\MPMATH\MPMATHSERVER\MPMATHSERVERPROGRAM.VB">
    <CaretOffset value="116" />
    <ScrollPositionY value="0" />
  </Properties>
  <Properties name="1e13ec5:E:\EXTRA\MPFORMULATDM\MPFORMULAXL\SOURCE\MPMATH\TESTFORMULAXLCLASSLIB\TESTMPFORMULA.VB">
    <CaretOffset value="0" />
    <ScrollPositionY value="0" />
  </Properties>
  <Properties name="1e13ec5:E:\EXTRA\MPFORMULATDM\MPFORMULAXL\SOURCE\TOOLSMEUENTRY\TOOLSMEUENTRY\ADDINWRITINGHELP.TXT">
    <CaretOffset value="0" />
    <ScrollPositionY value="0" />
  </Properties>
  <Properties name="1e13ec5:E:\EXTRA\MPFORMULATDM\MPFORMULAXL\SOURCE\TOOLSMEUENTRY\TOOLSMEUENTRY\SRC\COMMAND.CS">
    <CaretOffset value="399" />
    <ScrollPositionY value="135" />
  </Properties>
  <Properties name="1e13ec5:E:\EXTRA\MPFORMULATDM\MPFORMULAXL\SOURCE\TOOLSMEUENTRY\TOOLSMEUENTRY\TOOLSMEUENTRY.ADDIN">
    <CaretOffset value="448" />
    <ScrollPositionY value="0" />
  </Properties>
  <Properties name="1e13ec5:I:\DATA\MPFORMULATDM\MPFORMULAPY\SOURCE\MPMATH\MPFORMULAONECOM\LIBRARY.VB">
    <CaretOffset value="8700" />
    <ScrollPositionY value="5576" />
  </Properties>
  <Properties name="1e13ec5:I:\DATA\MPFORMULATDM\MPFORMULAPY\SOURCE\MPMATH\MPFORMULAXLCLASSLIB\CLASS1.VB">
    <CaretOffset value="92067" />
    <ScrollPositionY value="50454" />
  </Properties>
  <Properties name="1e13ec5:I:\DATA\MPFORMULATDM\MPFORMULAPY\SOURCE\MPMATH\MPFORMULAXLCLASSLIB\MPFORMULACLASS.VB">
    <CaretOffset value="187987" />
    <ScrollPositionY value="105514" />
  </Properties>
  <Properties name="1e13ec5:I:\DATA\MPFORMULATDM\MPFORMULAPY\SOURCE\MPMATH\MPMATHNETLIB\MPMATHCLASS.VB">
    <CaretOffset value="37149" />
    <ScrollPositionY value="13189" />
  </Properties>
  <Properties name="1e13ec5:I:\DATA\MPFORMULATDM\MPFORMULAPY\SOURCE\MPMATH\MPMATHPYTHONLIB\MYMODULE.PY">
    <CaretOffset value="404" />
    <ScrollPositionY value="209.27601809954786" />
  </Properties>
  <Properties name="1e13ec5:I:\DATA\MPFORMULATDM\MPFORMULAPY\SOURCE\MPMATH\TESTFORMULAXLCLASSLIB\TESTMPFORMULA.VB">
    <CaretOffset value="600" />
    <ScrollPositionY value="0" />
  </Properties>
  <Properties name="1e13ec5:I:\DATA\MPFORMULATDM\MPFORMULAPY\SOURCE\NETOFFICE\XLDEMO1\PROGRAM.VB">
    <CaretOffset value="634" />
    <ScrollPositionY value="0" />
  </Properties>
  <Properties name="1e13ec5:I:\DATA\MPFORMULATDM\MPFORMULAXL\SOURCE\DISTRIBUTIONS\DISTRIBUTIONSCSHARP\PROGRAM.CS">
    <CaretOffset value="13877" />
    <ScrollPositionY value="9522.5041087651" />
  </Properties>
  <Properties name="1e13ec5:I:\DATA\MPFORMULATDM\MPFORMULAXL\SOURCE\DISTRIBUTIONS\DISTRIBUTIONSPYTHON\CLASS1.PY">
    <CaretOffset value="1854" />
    <ScrollPositionY value="456.09516167401466" />
  </Properties>
  <Properties name="1e13ec5:I:\DATA\MPFORMULATDM\MPFORMULAXL\SOURCE\DISTRIBUTIONS\DISTRIBUTIONSPYTHON\PROGRAM.PY">
    <CaretOffset value="10018" />
    <ScrollPositionY value="5423" />
  </Properties>
  <Properties name="1e13ec5:I:\DATA\MPFORMULATDM\MPFORMULAXL\SOURCE\DISTRIBUTIONS\DISTRIBUTIONS\PROGRAM.VB">
    <CaretOffset value="10418" />
    <ScrollPositionY value="3680.9128662046292" />
  </Properties>
  <Properties name="1e13ec5:I:\DATA\MPFORMULATDM\MPFORMULAXL\SOURCE\IRONPYTHON\TESTPYTHONCONSOLE\PROGRAM.PY">
    <CaretOffset value="146" />
    <ScrollPositionY value="0" />
  </Properties>
  <Properties name="1e13ec5:I:\DATA\MPFORMULATDM\MPFORMULAXL\SOURCE\MPFORMULATOOLBOX\MPFORMULATOOLBOX\MAINFORM.VB">
    <CaretOffset value="3148" />
    <ScrollPositionY value="1744.5" />
  </Properties>
  <Properties name="1e13ec5:I:\EXTRA\MPFORMULATDM\MPFORMULAPY\SOURCE\CPYTHONFROMNET\CPYTHONFROMNET\PROGRAM.VB">
    <CaretOffset value="431" />
    <ScrollPositionY value="0" />
  </Properties>
  <Properties name="1e13ec5:I:\EXTRA\MPFORMULATDM\MPFORMULAPY\SOURCE\LIBREOFFICE\LIBREOFFICE\PROGRAM.VB">
    <CaretOffset value="1003" />
    <ScrollPositionY value="90" />
  </Properties>
  <Properties name="1e13ec5:I:\EXTRA\MPFORMULATDM\MPFORMULAPY\SOURCE\TESTFINANCIALFUNCTIONS\TESTFINANCIALFUNCTIONS\PROGRAM.VB">
    <CaretOffset value="0" />
    <ScrollPositionY value="0" />
  </Properties>
  <Properties name="1e13ec5:I:\EXTRA\MPFORMULATDM\MPFORMULAPY\SOURCE\TESTSTRING\TESTSTRING\APP.CONFIG">
    <CaretOffset value="0" />
    <ScrollPositionY value="0" />
  </Properties>
  <Properties name="1e13ec5:I:\EXTRA\MPFORMULATDM\MPFORMULAPY\SOURCE\TESTSTRING\TESTSTRING\PROGRAM.VB">
    <CaretOffset value="1858" />
    <ScrollPositionY value="677.31511254019324" />
  </Properties>
  <Properties name="1e13ec5:I:\EXTRA\MPFORMULATDM\MPFORMULAXL\SOURCE\TESTFINANCIALFUNCTIONS\TESTFINANCIALFUNCTIONS\PROGRAM.VB">
    <CaretOffset value="38" />
    <ScrollPositionY value="0" />
  </Properties>
</Properties>