﻿<SharpDevelopProperties>
  <AddInManager.WindowBounds value="711, 432, 476, 424" />
  <Array name="Browser.URLBoxHistory">
    <Element value="https://duhadler.wordpress.com/" />
    <Element value="http://mpformula.github.io/C" />
    <Element value="http://mpformula.github.io/Py/" />
    <Element value="E:\Extra\mpFormulaTDM\mpFormulaXL\Sample Data\EmbeddedStyleShort.html" />
    <Element value="E:\Extra\mpFormulaTDM\mpFormulaXL\Sample Data\VBScript.mht" />
    <Element value="I:\Data\mpFormula40\Toolbox\Workbooks\VBScript.mht" />
  </Array>
  <BuildOnExecute value="RegularBuild" />
  <CodeAnalysis.FxCopPath value="" />
  <Properties name="CodeCompletionOptions">
    <CompleteWhenTyping value="True" />
    <DataUsageCacheEnabled value="True" />
    <DataUsageCacheItemCount value="500" />
    <EnableCC value="True" />
    <InsightEnabled value="True" />
    <InsightRefreshOnComma value="True" />
    <KeywordCompletionEnabled value="True" />
    <TooltipsEnabled value="True" />
    <TooltipsOnlyWhenDebugging value="False" />
  </Properties>
  <Properties name="CodeCoverage.Options">
    <CodeCoverageHighlighted value="False" />
    <NotVisitedColor value="Red" />
    <NotVisitedForeColor value="White" />
    <VisitedColor value="Lime" />
    <VisitedForeColor value="Black" />
  </Properties>
  <SerializedValue name="CodeEditorOptions">
    <CodeEditorOptions xmlns:xsi="http://www.w3.org/2001/XMLSchema-instance" xmlns:xsd="http://www.w3.org/2001/XMLSchema">
      <ConvertTabsToSpaces>true</ConvertTabsToSpaces>
      <AllowScrollBelowDocument>true</AllowScrollBelowDocument>
      <FontFamily>Consolas</FontFamily>
      <WordWrap>true</WordWrap>
      <ShowHiddenDefinitions>true</ShowHiddenDefinitions>
    </CodeEditorOptions>
  </SerializedValue>
  <SerializedValue name="CodeSnippets">
    <ArrayOfCodeSnippetGroup xmlns:xsi="http://www.w3.org/2001/XMLSchema-instance" xmlns:xsd="http://www.w3.org/2001/XMLSchema">
      <CodeSnippetGroup>
        <Snippets />
        <Extensions>.cs</Extensions>
      </CodeSnippetGroup>
      <CodeSnippetGroup>
        <Snippets />
        <Extensions>.vb</Extensions>
      </CodeSnippetGroup>
    </ArrayOfCodeSnippetGroup>
  </SerializedValue>
  <CoreProperties.UILanguage value="en" />
  <SerializedValue name="CustomizedHighlightingRules">
    <ArrayOfCustomizedHighlightingColor xmlns:xsi="http://www.w3.org/2001/XMLSchema-instance" xmlns:xsd="http://www.w3.org/2001/XMLSchema">
      <CustomizedHighlightingColor>
        <Language>Python</Language>
        <Name>String</Name>
        <Bold>false</Bold>
        <Italic>false</Italic>
        <Foreground>
          <A>255</A>
          <R>255</R>
          <G>0</G>
          <B>0</B>
          <ScA>1</ScA>
          <ScR>1</ScR>
          <ScG>0</ScG>
          <ScB>0</ScB>
        </Foreground>
        <Background xsi:nil="true" />
      </CustomizedHighlightingColor>
      <CustomizedHighlightingColor>
        <Language>C#</Language>
        <Name>Preprocessor</Name>
        <Bold>false</Bold>
        <Italic>false</Italic>
        <Foreground>
          <A>255</A>
          <R>0</R>
          <G>55</G>
          <B>127</B>
          <ScA>1</ScA>
          <ScR>0</ScR>
          <ScG>0.0382043719</ScG>
          <ScB>0.212230757</ScB>
        </Foreground>
        <Background xsi:nil="true" />
      </CustomizedHighlightingColor>
    </ArrayOfCustomizedHighlightingColor>
  </SerializedValue>
  <DebuggeeExceptionForm value="841, 923, 658, 437" />
  <SerializedValue name="DebuggingOptions">
    <DebuggingOptions xmlns:xsi="http://www.w3.org/2001/XMLSchema-instance" xmlns:xsd="http://www.w3.org/2001/XMLSchema">
      <EnableJustMyCode>true</EnableJustMyCode>
      <StepOverNoSymbols>true</StepOverNoSymbols>
      <StepOverDebuggerAttributes>true</StepOverDebuggerAttributes>
      <StepOverAllProperties>false</StepOverAllProperties>
      <StepOverSingleLineProperties>false</StepOverSingleLineProperties>
      <StepOverFieldAccessProperties>true</StepOverFieldAccessProperties>
      <Verbose>false</Verbose>
      <SymbolsSearchPaths />
      <SuspendOtherThreads>true</SuspendOtherThreads>
      <PauseOnHandledExceptions>false</PauseOnHandledExceptions>
      <DecompileCodeWithoutSymbols>false</DecompileCodeWithoutSymbols>
      <ICorDebugVisualizerEnabled>false</ICorDebugVisualizerEnabled>
      <ShowIntegersAs>Auto</ShowIntegersAs>
      <ShowArgumentNames>false</ShowArgumentNames>
      <ShowArgumentValues>false</ShowArgumentValues>
      <ShowExternalMethods>false</ShowExternalMethods>
      <ShowLineNumbers>false</ShowLineNumbers>
      <ShowModuleNames>false</ShowModuleNames>
      <DebuggerEventWindowState>Normal</DebuggerEventWindowState>
      <DebuggeeExceptionWindowState>Normal</DebuggeeExceptionWindowState>
    </DebuggingOptions>
  </SerializedValue>
  <Dialogs.NewFileDialog.CategoryViewState value="[VB[]]" />
  <Dialogs.NewFileDialog.LastSelectedCategory value="VB" />
  <Dialogs.NewFileDialog.LastSelectedTemplate value="${res:Templates.File.EmptyClass.Name}" />
  <Dialogs.NewProjectDialog.CategoryTreeState value="[VB[]]" />
  <Dialogs.NewProjectDialog.CreateDirectoryForSolution value="True" />
  <Dialogs.NewProjectDialog.LargeImages value="True" />
  <Dialogs.NewProjectDialog.LastSelectedCategory value="VB\Windows Applications" />
  <Dialogs.NewProjectDialog.TargetFramework value="v4.0" />
  <SerializedValue name="DisabledContextActionProviders">
    <ArrayOfString xmlns:xsi="http://www.w3.org/2001/XMLSchema-instance" xmlns:xsd="http://www.w3.org/2001/XMLSchema">
      <string>SharpRefactoring.ContextActions.AddUsingProvider</string>
    </ArrayOfString>
  </SerializedValue>
  <Properties name="DisplayBindingService">
    <Array name="ExternalProcesses" />
  </Properties>
  <Properties name="ErrorListPad">
    <ShowErrors value="False" />
    <ShowMessages value="True" />
    <ShowWarnings value="True" />
  </Properties>
  <FormsDesigner.DesignerOptions.DefaultLocalizationModel value="PropertyReflection" />
  <FormsDesigner.DesignerOptions.EnableInSituEditing value="True" />
  <FormsDesigner.DesignerOptions.GenerateVisualStudioStyleEventHandlers value="False" />
  <FormsDesigner.DesignerOptions.GridSizeHeight value="8" />
  <FormsDesigner.DesignerOptions.GridSizeWidth value="8" />
  <FormsDesigner.DesignerOptions.InsertTodoComment value="False" />
  <FormsDesigner.DesignerOptions.KeepLocalizationModel value="False" />
  <FormsDesigner.DesignerOptions.ObjectBoundSmartTagAutoShow value="True" />
  <FormsDesigner.DesignerOptions.PropertyGridSortAlphabetical value="False" />
  <FormsDesigner.DesignerOptions.ShowGrid value="True" />
  <FormsDesigner.DesignerOptions.SnapToGrid value="True" />
  <FormsDesigner.DesignerOptions.SnapToGridMode value="False" />
  <FormsDesigner.DesignerOptions.UseOptimizedCodeGeneration value="True" />
  <FormsDesigner.DesignerOptions.UseSmartTags value="True" />
  <FormsDesigner.DesignerOptions.UseSnapLines value="False" />
  <Properties name="HexEditorOptions">
    <BytesPerLine value="16" />
    <DataFont value="Courier New, 9.5pt" />
    <DataForeColor value="#FF000000" />
    <FitToWidth value="False" />
    <OffsetFont value="Courier New, 9.5pt" />
    <OffsetForeColor value="#FF0000FF" />
    <ViewMode value="Hexadecimal" />
  </Properties>
  <ICSharpCode.SharpDevelop.Gui.Dialogs.NewProjectDialog.DefaultPath value="E:\Extra\mpFormulaTDM\mpFormulaXL\Source" />
  <ICSharpCode.SharpDevelop.Gui.ProjectBrowser.ShowExtensions value="True" />
  <ICSharpCode.SharpDevelop.Gui.SearchAndReplaceDialog.Location value="895, 219" />
  <ICSharpCode.SharpDevelop.Gui.StatusBarVisible value="True" />
  <ICSharpCode.SharpDevelop.Gui.ToolBarVisible value="True" />
  <ICSharpCode.SharpDevelop.Gui.UseProfessionalRenderer value="False" />
  <Properties name="ICSharpCode.Svn.Options">
    <AutomaticallyAddFiles value="True" />
    <AutomaticallyDeleteFiles value="True" />
    <AutomaticallyReloadProject value="True" />
    <AutomaticallyRenameFiles value="True" />
    <UseHistoryDisplayBinding value="True" />
  </Properties>
  <ICSharpCode.UsageDataCollector.Enabled value="False" />
  <Properties name="PackageManagementSettings">
    <PackagesDirectory value="packages" />
    <SerializedValue name="RecentPackages">
      <ArrayOfRecentPackageInfo xmlns:xsi="http://www.w3.org/2001/XMLSchema-instance" xmlns:xsd="http://www.w3.org/2001/XMLSchema" />
    </SerializedValue>
  </Properties>
  <Properties name="ProfilerOptions">
    <CombineRecursiveFunction value="False" />
    <DoNotProfileNetInternals value="False" />
    <EnableDC value="True" />
    <EnableDCAtStart value="True" />
    <SharedMemorySize value="67108864" />
    <TrackEvents value="False" />
  </Properties>
  <ProjectBrowser.ShowAll value="False" />
  <Properties name="PythonBinding.Options">
    <PythonFileName value="E:\Extra\mpFormulaTDM\mpFormulaXL\mpNum\AddIns\BackendBindings\PythonBinding\ipy.exe" />
    <PythonLibraryPath value="" />
  </Properties>
  <Properties name="RecentOpen">
    <Array name="Files">
      <Element value="I:\Extra\mpFormulaTDM\mpFormulaPy\Source\TestString\TestString\Program.vb" />
      <Element value="I:\Data\mpFormulaTDM\mpFormulaPy\Source\MpMath\mpFormulaXLClassLib\Class1.vb" />
      <Element value="I:\Data\mpFormulaTDM\mpFormulaPy\Source\MpMath\mpFormulaXLClassLib\mpFormulaClass.vb" />
      <Element value="I:\Data\mpFormulaTDM\mpFormulaPy\Source\MpMath\MpMathNetLib\MpMathClass.vb" />
      <Element value="I:\Data\mpFormulaTDM\mpFormulaPy\Source\MpMath\MpMathPythonLib\MyModule.py" />
      <Element value="I:\Data\mpFormulaTDM\mpFormulaPy\Source\MpMath\TestFormulaXLClassLib\TestMpFormula.vb" />
      <Element value="I:\Data\mpFormulaTDM\mpFormulaPy\Source\MpMath\mpFormulaOneCOM\Library.vb" />
      <Element value="I:\Data\mpFormulaTDM\mpFormulaPy\Source\NetOffice\xlDemo1\Program.vb" />
      <Element value="C:\Extra\mpFormulaTDM\mpFormulaPy\Source\mpFormulaToolbox\FileViewer\MainForm.vb" />
      <Element value="C:\Extra\mpFormulaTDM\mpFormulaPy\Source\mpFormulaToolbox\FileViewer\Program.vb" />
    </Array>
    <Array name="Projects">
      <Element value="I:\Extra\mpFormulaTDM\mpFormulaPy\Source\TestString\TestString.sln" />
      <Element value="I:\Data\mpFormulaTDM\mpFormulaPy\Source\MpMath\MpMath.sln" />
      <Element value="I:\Data\mpFormulaTDM\mpFormulaPy\Source\NetOffice\xlDemo1.sln" />
      <Element value="C:\Extra\mpFormulaTDM\mpFormulaPy\Source\mpFormulaToolbox\mpFormulaToolbox.sln" />
      <Element value="C:\Extra\mpFormulaTDM\mpFormulaPy\Source\MpMath\MpMath.sln" />
      <Element value="C:\Extra\mpFormulaTDM\mpFormulaXL\Source\MpMathListing\mpmathListing.sln" />
      <Element value="C:\Extra\mpFormulaTDM\mpFormulaXL\Source\MpMath\MpMath.sln" />
      <Element value="C:\Extra\mpFormulaTDM\mpFormulaXL\Source\mpFormulaToolbox\mpFormulaToolbox.sln" />
      <Element value="C:\Extra\mpFormulaTDM\mpFormulaXL\Source\Distributions\Distributions.sln" />
      <Element value="I:\Data\mpFormulaTDM\mpFormulaXL\Source\Distributions\Distributions.sln" />
    </Array>
  </Properties>
  <RegExpTk.WindowBounds value="960, 240, 960, 560" />
  <Properties name="RubyBinding.Options">
    <RubyFileName value="I:\Data\mpFormula40\SharpDevelop\4.4\bin\..\AddIns\BackendBindings\RubyBinding\ir.exe" />
    <RubyLibraryPath value="" />
  </Properties>
  <SearchAndReplace.GroupResultsByFile value="False" />
  <Properties name="SearchAndReplaceProperties2">
    <Array name="FindPatterns">
      <Element value="PERCENTILE" />
      <Element value=".Var" />
      <Element value="VAR" />
      <Element value="Double" />
      <Element value="Const" />
      <Element value="Double" />
      <Element value="Const" />
      <Element value=" = " />
      <Element value="Const" />
      <Element value="KeyWords.ToString(), Options.ToString(), RefName.ToString())" />
      <Element value="KeyWords.ToString())" />
      <Element value="(Options, RefName, " />
      <Element value="argument" />
      <Element value="mpWorksheetFunction" />
      <Element value="mpWorksheetFunctionOne" />
      <Element value="mpNum" />
      <Element value="chart1" />
      <Element value="series3" />
      <Element value="series2" />
      <Element value="cosv" />
      <Element value="sinu" />
      <Element value="cosu" />
      <Element value="Data3D1" />
      <Element value="1" />
      <Element value="private" />
      <Element value="private double" />
      <Element value="private  double" />
      <Element value="const " />
      <Element value="Bezier" />
      <Element value="myTransform" />
      <Element value="mpLib" />
      <Element value="VBSimpleObject" />
    </Array>
    <IncludeSubdirectories value="False" />
    <LookIn value="C:\" />
    <LookInFiletypes value="*.*" />
    <MatchCase value="True" />
    <MatchWholeWord value="False" />
    <Array name="ReplacePatterns">
      <Element value="QUARTILE" />
      <Element value=".Stdev" />
      <Element value="Stdev" />
      <Element value="STDEV" />
      <Element value="Double = " />
      <Element value="Dim" />
      <Element value="Double = " />
      <Element value="" />
      <Element value=" As Double " />
      <Element value="Double" />
      <Element value="KeyWords.ToString(), RefName.ToString(), Options.ToString())" />
      <Element value="KeyWords.ToString(), Options.ToString(), RefName.ToString())" />
      <Element value="(" />
      <Element value="parameter" />
      <Element value="mpFunction" />
      <Element value="mpFunctionOne" />
      <Element value="Object" />
      <Element value="mp.Get" />
      <Element value="chart" />
      <Element value="series1" />
      <Element value="series3" />
      <Element value="c" />
      <Element value="b" />
      <Element value="a" />
      <Element value="LImag3D" />
      <Element value="L" />
      <Element value="" />
      <Element value="private " />
      <Element value="mpReal" />
      <Element value="mpLibObject" />
      <Element value="mpFormulaToolbox" />
    </Array>
    <SearchMode value="Normal" />
    <SearchTarget value="CurrentSelection" />
  </Properties>
  <Array name="ServiceReference.Urls" />
  <Properties name="ServiceReferenceOptions">
    <SvcUtilPath value="" />
  </Properties>
  <SharpDevelop.BuildParallelProjectCount value="4" />
  <SharpDevelop.DefaultBuildOutputVerbosity value="Normal" />
  <SharpDevelop.DefaultFileEncoding value="65001" />
  <SharpDevelop.DeleteToRecycleBin value="True" />
  <SharpDevelop.FileChangeWatcher.AutoLoadExternalChanges value="True" />
  <SharpDevelop.FileChangeWatcher.DetectExternalChanges value="True" />
  <SharpDevelop.LoadDocumentProperties value="True" />
  <SharpDevelop.LoadPrevProjectOnStartup value="False" />
  <SharpDevelop.SaveUsingTemporaryFile value="True" />
  <SharpDevelop.ShowErrorListAfterBuild value="True" />
  <Array name="SharpDevelop.TaskListTokens">
    <Element value="HACK" />
    <Element value="TODO" />
    <Element value="UNDONE" />
    <Element value="FIXME" />
  </Array>
  <Properties name="SharpDevelop.UI.CodeGenerationOptions">
    <BlankLinesBetweenMembers value="True" />
    <ElseOnClosing value="True" />
    <GenerateAdditionalComments value="True" />
    <GenerateDocumentComments value="True" />
    <StartBlockOnSameLine value="True" />
    <UseFullyQualifiedNames value="True" />
  </Properties>
  <SharpDevelop.UI.CurrentAmbience value="C#" />
  <Properties name="SharpDevelop.UI.OutputWindowOptions">
    <DefaultFont value="[Font: Name=Consolas, Size=10, Units=3, GdiCharSet=1, GdiVerticalFont=False]" />
    <WordWrap value="True" />
  </Properties>
  <SharpDevelop.UI.UseProjectAmbience value="True" />
  <ShowTipsAtStartup value="True" />
  <TreeViewOptionsDialog.WindowBounds value="33,42,912,581" />
  <Properties name="UnitTesting.Options">
    <CreateXmlOutputFile value="False" />
    <Labels value="False" />
    <NoDots value="False" />
    <NoLogo value="False" />
    <NoShadow value="False" />
    <NoThread value="False" />
  </Properties>
  <VBBinding.TextEditor.EnableCasing value="True" />
  <VBBinding.TextEditor.EnableEndConstructs value="True" />
  <Properties name="WorkbenchMemento">
    <Bounds value="212,95,1132,704" />
    <WindowState value="Normal" />
  </Properties>
  <Properties name="XamlBinding.Options">
    <EventForeground value="#FF008000" />
    <EventHandlerNamePattern value="%Object%_%Event%" />
    <IgnoredForeground value="#FFD3D3D3" />
    <NamespaceDeclarationForeground value="#FFFFA500" />
    <PropertyForeground value="#FF5F9EA0" />
    <SwitchToCodeViewAfterInsertion value="True" />
    <UseAdvancedHighlighting value="True" />
    <UseExtensionCompletion value="True" />
  </Properties>
  <Properties name="XmlEditor.AddIn.Options">
    <ext.addin value="" />
    <ext.booproj value="" />
    <ext.build value="" />
    <ext.config value="" />
    <ext.csproj value="" />
    <ext.disco value="" />
    <ext.fsproj value="" />
    <ext.ilproj value="" />
    <ext.manifest value="" />
    <ext.map value="" />
    <ext.nuspec value="" />
    <ext.proj value="" />
    <ext.ps1xml value="" />
    <ext.pyproj value="" />
    <ext.rbproj value="" />
    <ext.targets value="" />
    <ext.vbproj value="" />
    <ext.vcxproj value="" />
    <ext.wixproj value="" />
    <ext.wsdl value="" />
    <ext.wxi value="" />
    <ext.wxl value="" />
    <ext.wxs value="" />
    <ext.xfrm value="" />
    <ext.xft value="" />
    <ext.xml value="" />
    <ext.xpt value="" />
    <ext.xsd value="" />
    <ext.xshd value="" />
    <ext.xsl value="" />
    <ext.xslt value="" />
    <ShowAttributesWhenFolded value="False" />
    <ShowSchemaAnnotation value="True" />
  </Properties>
</SharpDevelopProperties>