<TOOLS VERSION="1">
  <TOOL>
    <INITIALDIRECTORY>
    </INITIALDIRECTORY>
    <ARGUMENTS>
    </ARGUMENTS>
    <COMMAND>${StartupPath}\..\..\Manual\mpFormulaPy.pdf</COMMAND>
    <MENUCOMMAND>mpFormulaPy Manual</MENUCOMMAND>
    <PROMPTFORARGUMENTS>False</PROMPTFORARGUMENTS>
    <USEOUTPUTPAD>False</USEOUTPUTPAD>
  </TOOL>
  <TOOL>
    <INITIALDIRECTORY>
    </INITIALDIRECTORY>
    <ARGUMENTS>${StartupPath}\..\..\Source\Manual\mpFormulaPy.tex  --master --start-always</ARGUMENTS>
    <COMMAND>${StartupPath}\..\..\..\ExternalTools\texstudio2.8.8\texstudio.exe</COMMAND>
    <MENUCOMMAND>TexStudio (mpFormulaPy Manual)</MENUCOMMAND>
    <PROMPTFORARGUMENTS>False</PROMPTFORARGUMENTS>
    <USEOUTPUTPAD>False</USEOUTPUTPAD>
  </TOOL>
  <TOOL>
    <INITIALDIRECTORY>
    </INITIALDIRECTORY>
    <ARGUMENTS>
    </ARGUMENTS>
    <COMMAND>${StartupPath}\..\..\GUI\CalculatorDlg.exe</COMMAND>
    <MENUCOMMAND>Calculator</MENUCOMMAND>
    <PROMPTFORARGUMENTS>False</PROMPTFORARGUMENTS>
    <USEOUTPUTPAD>False</USEOUTPUTPAD>
  </TOOL>
  <TOOL>
    <INITIALDIRECTORY>
    </INITIALDIRECTORY>
    <ARGUMENTS>
    </ARGUMENTS>
    <COMMAND>${StartupPath}\..\..\GUI\FunctionNavigator.exe</COMMAND>
    <MENUCOMMAND>Function Navigator</MENUCOMMAND>
    <PROMPTFORARGUMENTS>False</PROMPTFORARGUMENTS>
    <USEOUTPUTPAD>False</USEOUTPUTPAD>
  </TOOL>
  <TOOL>
    <INITIALDIRECTORY>
    </INITIALDIRECTORY>
    <ARGUMENTS>
    </ARGUMENTS>
    <COMMAND>${StartupPath}\..\..\GUI\WpfInWinForms.exe</COMMAND>
    <MENUCOMMAND>3D Function Viewer</MENUCOMMAND>
    <PROMPTFORARGUMENTS>False</PROMPTFORARGUMENTS>
    <USEOUTPUTPAD>False</USEOUTPUTPAD>
  </TOOL>
  <TOOL>
    <INITIALDIRECTORY>
    </INITIALDIRECTORY>
    <ARGUMENTS>-X:Frames -X:ColorfulConsole</ARGUMENTS>
    <COMMAND>${StartupPath}\..\AddIns\BackendBindings\PythonBinding\ipy.exe</COMMAND>
    <MENUCOMMAND>IronPython Command Line 32 bit</MENUCOMMAND>
    <PROMPTFORARGUMENTS>False</PROMPTFORARGUMENTS>
    <USEOUTPUTPAD>False</USEOUTPUTPAD>
  </TOOL>
  <TOOL>
    <INITIALDIRECTORY>
    </INITIALDIRECTORY>
    <ARGUMENTS>-X:Frames -X:ColorfulConsole</ARGUMENTS>
    <COMMAND>${StartupPath}\..\AddIns\BackendBindings\PythonBinding\ipy64.exe</COMMAND>
    <MENUCOMMAND>IronPython Command Line 64 bit</MENUCOMMAND>
    <PROMPTFORARGUMENTS>False</PROMPTFORARGUMENTS>
    <USEOUTPUTPAD>False</USEOUTPUTPAD>
  </TOOL>
  <TOOL>
    <INITIALDIRECTORY>
    </INITIALDIRECTORY>
    <ARGUMENTS>
    </ARGUMENTS>
    <COMMAND>${StartupPath}\..\..\..\..\WinPython-32bit-3.3.5.0\Spyder.exe</COMMAND>
    <MENUCOMMAND>CPython 32 bit</MENUCOMMAND>
    <PROMPTFORARGUMENTS>False</PROMPTFORARGUMENTS>
    <USEOUTPUTPAD>False</USEOUTPUTPAD>
  </TOOL>
  <TOOL>
    <INITIALDIRECTORY>
    </INITIALDIRECTORY>
    <ARGUMENTS>
    </ARGUMENTS>
    <COMMAND>${StartupPath}\..\..\..\..\R\RStudio\bin\rstudio.exe</COMMAND>
    <MENUCOMMAND>R Studio 32 bit</MENUCOMMAND>
    <PROMPTFORARGUMENTS>False</PROMPTFORARGUMENTS>
    <USEOUTPUTPAD>False</USEOUTPUTPAD>
  </TOOL>
  <TOOL>
    <INITIALDIRECTORY>
    </INITIALDIRECTORY>
    <ARGUMENTS>
    </ARGUMENTS>
    <COMMAND>${StartupPath}\..\..\..\..\LibreOfficePortable\LibreOfficePortable.exe</COMMAND>
    <MENUCOMMAND>LibreOffice</MENUCOMMAND>
    <PROMPTFORARGUMENTS>False</PROMPTFORARGUMENTS>
    <USEOUTPUTPAD>False</USEOUTPUTPAD>
  </TOOL>
  <TOOL>
    <INITIALDIRECTORY>
    </INITIALDIRECTORY>
    <ARGUMENTS>
    </ARGUMENTS>
    <COMMAND>${StartupPath}\..\..\</COMMAND>
    <MENUCOMMAND>Open Root Directory</MENUCOMMAND>
    <PROMPTFORARGUMENTS>False</PROMPTFORARGUMENTS>
    <USEOUTPUTPAD>False</USEOUTPUTPAD>
  </TOOL>
</TOOLS>