<SideBarConfig version="1.0">
  <SideBar activetab="${res:SharpDevelop.SideBar.ClipboardRing}">
    <SideTab clipboardring="true" text="${res:SharpDevelop.SideBar.ClipboardRing}">
      <SideTabItem text="Text:Dim RootPath As String = My.Application.Info.Di..." value="Dim RootPath As String = My.Application.Info.DirectoryPath +&quot;\&quot;" />
      <SideTabItem text="Text:Dir" value="Dir" />
      <SideTabItem text="Text:ShowDir()" value="ShowDir()" />
      <SideTabItem text="Text:Function" value="Function" />
      <SideTabItem text="Text:DeleteRootPath" value="DeleteRootPath" />
      <SideTabItem text="Text:ReadRootPath" value="ReadRootPath" />
      <SideTabItem text="Text:public static string AssemblyDirectory&#xD;" value="&#xD;&#xA;public static string AssemblyDirectory&#xD;&#xA;{&#xD;&#xA;    get&#xD;&#xA;    {&#xD;&#xA;        string codeBase = Assembly.GetExecutingAssembly().CodeBase;&#xD;&#xA;        UriBuilder uri = new UriBuilder(codeBase);&#xD;&#xA;        string path = Uri.UnescapeDataString(uri.Path);&#xD;&#xA;        return Path.GetDirectoryName(path);&#xD;&#xA;    }&#xD;&#xA;}&#xD;&#xA;" />
      <SideTabItem text="Text:Public Shared ReadOnly Property AssemblyDirecto..." value="&#xD;&#xA;		Public Shared ReadOnly Property AssemblyDirectory() As String&#xD;&#xA;			Get&#xD;&#xA;				Dim codeBase As String = Assembly.GetExecutingAssembly().CodeBase&#xD;&#xA;				Dim uri__1 As New UriBuilder(codeBase)&#xD;&#xA;				Dim path__2 As String = Uri.UnescapeDataString(uri__1.Path)&#xD;&#xA;				Return Path.GetDirectoryName(path__2)&#xD;&#xA;			End Get&#xD;&#xA;		End Property&#xD;&#xA;" />
      <SideTabItem text="Text:Imports Microsoft.Win32" value="Imports Microsoft.Win32" />
      <SideTabItem text="Text:Imports System.Xml" value="Imports System.Xml" />
      <SideTabItem text="Text:AssemblyDirectory()" value="AssemblyDirectory()" />
      <SideTabItem text="Text:Private Function RootDir32() As String&#xD;" value="	&#xD;&#xA;		Private Function RootDir32() As String&#xD;&#xA;			Dim regKey As RegistryKey&#xD;&#xA;			Dim RootPath As String = &quot;Not set&quot;&#xD;&#xA;			Try&#xD;&#xA;			  regKey = Registry.CurrentUser.OpenSubKey(&quot;SOFTWARE\mpFormulaToolbox&quot;, False)&#xD;&#xA;			  RootPath = regKey.GetValue(&quot;RootPath&quot;, &quot;Not set&quot;)&#xD;&#xA;			  regKey.Close()&#xD;&#xA;			Catch ex As Exception&#xD;&#xA;				MsgBox(&quot;RootDir not set&quot;)&#xD;&#xA;			End Try&#xD;&#xA;			Return RootPath&#xD;&#xA;		End Function&#xD;&#xA;" />
      <SideTabItem text="Text:AssemblyDirectory()" value="AssemblyDirectory()" />
      <SideTabItem text="Text:MessageBox.Show(AssemblyDirectory())" value="MessageBox.Show(AssemblyDirectory())" />
      <SideTabItem text="Text:Private Function RootDir32() As String&#xD;" value="	&#xD;&#xA;		Private Function RootDir32() As String&#xD;&#xA;'			Dim regKey As RegistryKey&#xD;&#xA;			Dim RootPath As String = AssemblyDirectory() + &quot;\..\&quot;&#xD;&#xA;'			Try&#xD;&#xA;'			  regKey = Registry.CurrentUser.OpenSubKey(&quot;SOFTWARE\mpFormulaToolbox&quot;, False)&#xD;&#xA;'			  RootPath = regKey.GetValue(&quot;RootPath&quot;, &quot;Not set&quot;)&#xD;&#xA;'			  regKey.Close()&#xD;&#xA;'			Catch ex As Exception&#xD;&#xA;'				MsgBox(&quot;RootDir not set&quot;)&#xD;&#xA;'			End Try&#xD;&#xA;			Return RootPath&#xD;&#xA;		End Function&#xD;&#xA;" />
      <SideTabItem text="Text:Public Shared ReadOnly Property AssemblyDirecto..." value="	&#xD;&#xA;&#xD;&#xA;		Public Shared ReadOnly Property AssemblyDirectory() As String&#xD;&#xA;			Get&#xD;&#xA;				Dim codeBase As String = Assembly.GetExecutingAssembly().CodeBase&#xD;&#xA;				Dim uri__1 As New UriBuilder(codeBase)&#xD;&#xA;				Dim path__2 As String = Uri.UnescapeDataString(uri__1.Path)&#xD;&#xA;				&#xD;&#xA;				Return Path.GetDirectoryName(path__2)&#xD;&#xA;			End Get&#xD;&#xA;		End Property&#xD;&#xA;&#xD;&#xA;	&#xD;&#xA;		Private Function RootDir32() As String&#xD;&#xA;			Dim RootPath As String = AssemblyDirectory() + &quot;\..\&quot;&#xD;&#xA;			Return RootPath&#xD;&#xA;		End Function&#xD;&#xA;" />
      <SideTabItem text="Text:Public Shared ReadOnly Property AssemblyDirecto..." value="	&#xD;&#xA;&#xD;&#xA;		Public Shared ReadOnly Property AssemblyDirectory() As String&#xD;&#xA;			Get&#xD;&#xA;				Dim codeBase As String = Assembly.GetExecutingAssembly().CodeBase&#xD;&#xA;				Dim uri__1 As New UriBuilder(codeBase)&#xD;&#xA;				Dim path__2 As String = Uri.UnescapeDataString(uri__1.Path)&#xD;&#xA;				&#xD;&#xA;				Return Path.GetDirectoryName(path__2)&#xD;&#xA;			End Get&#xD;&#xA;		End Property&#xD;&#xA;&#xD;&#xA;	&#xD;&#xA;		Private Function RootDir32() As String&#xD;&#xA;			Dim RootPath As String = AssemblyDirectory() + &quot;\..\&quot;&#xD;&#xA;			Return RootPath&#xD;&#xA;		End Function&#xD;&#xA;" />
      <SideTabItem text="Text:Imports System.Reflection&#xD;" value="Imports System.Reflection&#xD;&#xA;Imports System.IO&#xD;&#xA;" />
      <SideTabItem text="Text:Public Shared ReadOnly Property AssemblyDirecto..." value="&#xD;&#xA;		Public Shared ReadOnly Property AssemblyDirectory() As String&#xD;&#xA;			Get&#xD;&#xA;				Dim codeBase As String = Assembly.GetExecutingAssembly().CodeBase&#xD;&#xA;				Dim uri__1 As New UriBuilder(codeBase)&#xD;&#xA;				Dim path__2 As String = Uri.UnescapeDataString(uri__1.Path)&#xD;&#xA;				&#xD;&#xA;				Return Path.GetDirectoryName(path__2)&#xD;&#xA;			End Get&#xD;&#xA;		End Property&#xD;&#xA;&#xD;&#xA;	&#xD;&#xA;		Private Function RootDir32() As String&#xD;&#xA;			Dim RootPath As String = AssemblyDirectory() + &quot;\..\&quot;&#xD;&#xA;			Return RootPath&#xD;&#xA;		End Function&#xD;&#xA;		&#xD;&#xA;" />
      <SideTabItem text="Text:Imports System.Reflection&#xD;" value="Imports System.Reflection&#xD;&#xA;Imports System.IO&#xD;&#xA;" />
    </SideTab>
  </SideBar>
</SideBarConfig>