﻿<Properties>
  <Properties name="1e13ec5:E:\EXTRA\MPFORMULATDM\EXTERNALLIBRARIES\BOOST\BOOST\MATH\DISTRIBUTIONS\NON_CENTRAL_CHI_SQUARED.HPP">
    <CaretOffset value="21266" />
    <ScrollPositionY value="6871" />
  </Properties>
  <Properties name="1e13ec5:E:\EXTRA\MPFORMULATDM\EXTERNALLIBRARIES\BOOST\BOOST\MATH\DISTRIBUTIONS\NON_CENTRAL_T.HPP">
    <CaretOffset value="48866" />
    <ScrollPositionY value="17236" />
  </Properties>
  <Properties name="1e13ec5:E:\EXTRA\MPFORMULATDM\MPFORMULAC\SOURCE\MPNUMERIX2\MPNUMERIX2\APP.MANIFEST">
    <CaretOffset value="0" />
    <ScrollPositionY value="0" />
  </Properties>
  <Properties name="1e13ec5:E:\EXTRA\MPFORMULATDM\MPFORMULAC\SOURCE\MPNUMERIX2\MPNUMERIX2\LIBRARY.VB">
    <CaretOffset value="6616" />
    <ScrollPositionY value="2749" />
  </Properties>
  <Properties name="1e13ec5:E:\EXTRA\MPFORMULATDM\MPFORMULAC\SOURCE\MPNUMERIX2\TESTMPNUMERICS2B\PROGRAM.PY">
    <CaretOffset value="81" />
    <ScrollPositionY value="0" />
  </Properties>
  <Properties name="1e13ec5:E:\EXTRA\MPFORMULATDM\MPFORMULAC\SOURCE\MPNUMERIX2\TESTMPNUMERIX2A\PROGRAM.CS">
    <CaretOffset value="0" />
    <ScrollPositionY value="0" />
  </Properties>
  <Properties name="1e13ec5:E:\EXTRA\MPFORMULATDM\MPFORMULAC\SOURCE\MPNUMERIX2\TESTMPNUMERIX2\PROGRAM.VB">
    <CaretOffset value="348" />
    <ScrollPositionY value="0" />
  </Properties>
  <Properties name="1e13ec5:E:\EXTRA\MPFORMULATDM\MPFORMULAXL\SOURCE\MPFORMULATOOLBOX\FILEVIEWER\MAINFORM.VB">
    <CaretOffset value="11498" />
    <ScrollPositionY value="6154.5" />
  </Properties>
  <Properties name="1e13ec5:E:\EXTRA\MPFORMULATDM\MPFORMULAXL\SOURCE\MPMATH\MPMATHNETLIB\MPMATHCLASS.VB">
    <CaretOffset value="128" />
    <ScrollPositionY value="0" />
  </Properties>
  <Properties name="1e13ec5:I:\DATA\MPFORMULATDM\MPFORMULAXL\SAMPLE DATA\EMBEDDEDSTYLESHORT.HTML">
    <CaretOffset value="0" />
    <ScrollPositionY value="0" />
  </Properties>
  <Properties name="1e13ec5:I:\DATA\MPFORMULATDM\MPFORMULAXL\SOURCE\MPMATH\MPFORMULAONECOM\APP.CONFIG">
    <CaretOffset value="0" />
    <ScrollPositionY value="0" />
  </Properties>
  <Properties name="1e13ec5:I:\DATA\MPFORMULATDM\MPFORMULAXL\SOURCE\MPMATH\MPFORMULAONECOM\LIBRARY.VB">
    <CaretOffset value="7866" />
    <ScrollPositionY value="4795" />
  </Properties>
  <Properties name="1e13ec5:I:\DATA\MPFORMULATDM\MPFORMULAXL\SOURCE\MPMATH\MPFORMULAONECOM\PROPERTIES\ASSEMBLYINFO.VB">
    <CaretOffset value="840" />
    <ScrollPositionY value="0" />
  </Properties>
  <Properties name="1e13ec5:I:\DATA\MPFORMULATDM\MPFORMULAXL\SOURCE\MPMATH\MPFORMULAXLCLASSLIB\MPFORMULACLASS.VB">
    <CaretOffset value="34055" />
    <ScrollPositionY value="22550" />
  </Properties>
  <Properties name="1e13ec5:I:\DATA\MPFORMULATDM\MPFORMULAXL\SOURCE\MPMATH\MPMATHCLIENTDLL\MPMATHCLIENTDLLPROGRAM.VB">
    <CaretOffset value="1667" />
    <ScrollPositionY value="0" />
  </Properties>
  <Properties name="1e13ec5:I:\DATA\MPFORMULATDM\MPFORMULAXL\SOURCE\MPMATH\MPMATHCLIENTFORM\MAINFORM.VB">
    <CaretOffset value="29" />
    <ScrollPositionY value="0" />
  </Properties>
  <Properties name="1e13ec5:I:\DATA\MPFORMULATDM\MPFORMULAXL\SOURCE\MPMATH\MPMATHCLIENTFORM\MPMATHCLIENTFORMPROGRAM.VB">
    <CaretOffset value="0" />
    <ScrollPositionY value="0" />
  </Properties>
  <Properties name="1e13ec5:I:\DATA\MPFORMULATDM\MPFORMULAXL\SOURCE\MPMATH\MPMATHCLIENT\CALLMPMATHPROGRAM.VB">
    <CaretOffset value="249" />
    <ScrollPositionY value="0" />
  </Properties>
  <Properties name="1e13ec5:I:\DATA\MPFORMULATDM\MPFORMULAXL\SOURCE\MPMATH\MPMATHNETLIB\MPMATHCLASS.VB">
    <CaretOffset value="249" />
    <ScrollPositionY value="2095.5988023952073" />
  </Properties>
  <Properties name="1e13ec5:I:\DATA\MPFORMULATDM\MPFORMULAXL\SOURCE\MPMATH\MPMATHPYTHONLIB\MYMODULE.PY">
    <CaretOffset value="0" />
    <ScrollPositionY value="0" />
  </Properties>
  <Properties name="1e13ec5:I:\DATA\MPFORMULATDM\MPFORMULAXL\SOURCE\MPMATH\TESTFORMULAONECOM\PROGRAM.VB">
    <CaretOffset value="440" />
    <ScrollPositionY value="0" />
  </Properties>
  <Properties name="1e13ec5:I:\DATA\MPFORMULATDM\MPFORMULAXL\SOURCE\MPMATH\TESTFORMULAXLCLASSLIB\TESTMPFORMULA.VB">
    <CaretOffset value="1263" />
    <ScrollPositionY value="403" />
  </Properties>
  <Properties name="1e13ec5:I:\DATA\MPFORMULATDM\MPFORMULAXL\SOURCE\MPMATH\TESTMPMATH\TESTMPMATH.VB">
    <CaretOffset value="0" />
    <ScrollPositionY value="0" />
  </Properties>
</Properties>