<TOOLS VERSION="1">
  <TOOL>
    <INITIALDIRECTORY>
    </INITIALDIRECTORY>
    <ARGUMENTS>
    </ARGUMENTS>
    <COMMAND>${StartupPath}\..\..\Manual\mpFormulaC.pdf</COMMAND>
    <MENUCOMMAND>FormulaC Manual</MENUCOMMAND>
    <PROMPTFORARGUMENTS>False</PROMPTFORARGUMENTS>
    <USEOUTPUTPAD>False</USEOUTPUTPAD>
  </TOOL>
  <TOOL>
    <INITIALDIRECTORY>
    </INITIALDIRECTORY>
    <ARGUMENTS>${StartupPath}\..\..\Source\Manual\mpFormulaC.tex  --master --start-always</ARGUMENTS>
    <COMMAND>${StartupPath}\..\..\..\ExternalTools\texstudio2.8.8\texstudio.exe</COMMAND>
    <MENUCOMMAND>TexStudio (mpFormulaC Manual)</MENUCOMMAND>
    <PROMPTFORARGUMENTS>False</PROMPTFORARGUMENTS>
    <USEOUTPUTPAD>False</USEOUTPUTPAD>
  </TOOL>
  <TOOL>
    <INITIALDIRECTORY>
    </INITIALDIRECTORY>
    <ARGUMENTS>
    </ARGUMENTS>
    <COMMAND>${StartupPath}\..\..\..\ExternalTools\Codeblocks_13\codeblocks.exe</COMMAND>
    <MENUCOMMAND>Codeblocks</MENUCOMMAND>
    <PROMPTFORARGUMENTS>False</PROMPTFORARGUMENTS>
    <USEOUTPUTPAD>False</USEOUTPUTPAD>
  </TOOL>
  <TOOL>
    <INITIALDIRECTORY>
    </INITIALDIRECTORY>
    <ARGUMENTS>
    </ARGUMENTS>
    <COMMAND>${StartupPath}\..\..\..\ExternalTools\msys32\mingw32_shell.bat</COMMAND>
    <MENUCOMMAND>MSYS2</MENUCOMMAND>
    <PROMPTFORARGUMENTS>False</PROMPTFORARGUMENTS>
    <USEOUTPUTPAD>False</USEOUTPUTPAD>
  </TOOL>
  <TOOL>
    <INITIALDIRECTORY>
    </INITIALDIRECTORY>
    <ARGUMENTS>
    </ARGUMENTS>
    <COMMAND>${StartupPath}\..\..\..\..\WinPython-32bit-3.3.5.0\Spyder.exe</COMMAND>
    <MENUCOMMAND>CPython 32 bit</MENUCOMMAND>
    <PROMPTFORARGUMENTS>False</PROMPTFORARGUMENTS>
    <USEOUTPUTPAD>False</USEOUTPUTPAD>
  </TOOL>
  <TOOL>
    <INITIALDIRECTORY>
    </INITIALDIRECTORY>
    <ARGUMENTS>
    </ARGUMENTS>
    <COMMAND>${StartupPath}\..\..\..\..\R\RStudio\bin\rstudio.exe</COMMAND>
    <MENUCOMMAND>R Studio</MENUCOMMAND>
    <PROMPTFORARGUMENTS>False</PROMPTFORARGUMENTS>
    <USEOUTPUTPAD>False</USEOUTPUTPAD>
  </TOOL>
  <TOOL>
    <INITIALDIRECTORY>
    </INITIALDIRECTORY>
    <ARGUMENTS>
    </ARGUMENTS>
    <COMMAND>${StartupPath}\..\..\..\..\LibreOfficePortable\LibreOfficePortable.exe</COMMAND>
    <MENUCOMMAND>LibreOffice</MENUCOMMAND>
    <PROMPTFORARGUMENTS>False</PROMPTFORARGUMENTS>
    <USEOUTPUTPAD>False</USEOUTPUTPAD>
  </TOOL>
  <TOOL>
    <INITIALDIRECTORY>
    </INITIALDIRECTORY>
    <ARGUMENTS>
    </ARGUMENTS>
    <COMMAND>${StartupPath}\..\..\</COMMAND>
    <MENUCOMMAND>Open Root Directory</MENUCOMMAND>
    <PROMPTFORARGUMENTS>False</PROMPTFORARGUMENTS>
    <USEOUTPUTPAD>False</USEOUTPUTPAD>
  </TOOL>
</TOOLS>