﻿<Properties>
  <Array name="bookmarks">
    <Element value="Breakpoint|I:\Data\mpFormulaTDM\mpFormulaXL\Source\Distributions\DistributionsPython\Program.py|406|1|True|Break||" />
    <Element value="Breakpoint|I:\Data\mpFormulaTDM\mpFormulaXL\Source\Distributions\DistributionsPython\Program.py|265|9|True|Break||" />
    <Element value="Breakpoint|I:\Data\mpFormulaTDM\mpFormulaXL\Source\Distributions\DistributionsPython\Program.py|280|9|True|Break||" />
    <Element value="Breakpoint|I:\Data\mpFormulaTDM\mpFormulaXL\Source\Distributions\DistributionsPython\Program.py|226|9|True|Break||" />
  </Array>
  <Array name="files">
    <Element value="I:\Data\mpFormulaTDM\mpFormulaXL\Source\Distributions\DistributionsPython\Program.py" />
  </Array>
  <Properties name="projectSavedData">
    <Properties name="customTool">
      <runOnBuild value="False" />
    </Properties>
    <Properties name="watchVars" />
  </Properties>
</Properties>